ImageName MaxDepth
009114 152.0
001931 105.09889221191406
007903 152.0
002019 27.116853713989258
006171 19.35116195678711
000672 221.6666717529297
006716 74.4072494506836
002569 17.1340274810791
008522 152.0
008708 152.0
011889 21.146751403808594
007396 51.83448028564453
003875 17.387840270996094
005937 19.567323684692383
005616 11.808612823486328
009823 35.083168029785156
007589 86.4835433959961
005406 10.660751342773438
002609 17.010297775268555
007719 106.796875
005821 20.099340438842773
001239 156.4705810546875
005388 10.835997581481934
001531 156.4705810546875
011709 117.33332824707031
012580 16.314414978027344
010004 117.33332824707031
005769 110.83333587646484
012018 61.58425521850586
006027 20.448820114135742
002880 32.496192932128906
010082 117.33332824707031
007710 117.33332824707031
000590 221.6666717529297
002238 31.036775588989258
003232 18.148395538330078
000873 221.6666717529297
008105 146.4788055419922
010002 117.33332824707031
005447 11.65886116027832
010789 25.256406784057617
007614 72.25242614746094
004333 13.495855331420898
003731 16.94489288330078
001416 156.4705810546875
002869 32.786685943603516
006793 50.366554260253906
012354 82.13333129882812
011154 44.18596267700195
011290 117.33332824707031
001513 156.4705810546875
004177 13.404541015625
010639 111.0647201538086
002515 18.59636116027832
000316 221.6666717529297
005295 15.84652042388916
002235 27.852697372436523
002469 17.66568946838379
009189 152.0
011231 96.69598388671875
001912 156.4705810546875
011394 117.33332824707031
002862 32.90285110473633
000079 156.4705810546875
011949 82.13333129882812
005799 19.64272117614746
010054 117.33332824707031
002724 17.229209899902344
009227 54.97637176513672
009614 31.833269119262695
012069 82.13333129882812
004584 15.082619667053223
008666 152.0
005219 14.084702491760254
009493 81.67835998535156
004023 16.915592193603516
011753 117.33332824707031
011367 73.72057342529297
000395 110.83333587646484
007384 49.184879302978516
008683 152.0
000336 110.83333587646484
006588 147.15213012695312
002417 18.58855628967285
008072 152.0
007545 52.26874923706055
003920 17.260848999023438
000571 110.83333587646484
003577 17.386144638061523
001397 156.4705810546875
006186 18.17831802368164
010957 30.780651092529297
001197 156.4705810546875
010402 105.55175018310547
012088 82.13333129882812
011445 82.08087921142578
012445 82.13333129882812
005008 14.817889213562012
010698 100.0015640258789
005996 16.89116668701172
002249 31.882112503051758
012548 12.2466402053833
005223 14.733908653259277
007512 117.33332824707031
000296 110.83333587646484
000004 11.926298141479492
004411 12.998846054077148
000559 110.83333587646484
000765 110.83333587646484
004747 22.120466232299805
009347 117.33332824707031
011211 117.33332824707031
007904 152.0
011291 117.33332824707031
003119 18.284841537475586
008182 49.756526947021484
000537 221.6666717529297
010074 117.33332824707031
011272 117.33332824707031
005212 14.38766098022461
005062 14.347046852111816
003889 17.377239227294922
006065 20.61564826965332
004378 13.43942642211914
008070 11.524300575256348
002359 17.55551528930664
011680 117.33332824707031
010463 108.59986877441406
003845 16.869596481323242
012249 63.59687805175781
002173 28.918331146240234
009016 152.0
009618 44.79704284667969
010951 117.33332824707031
003452 18.329097747802734
012357 82.13333129882812
004660 13.365800857543945
002138 26.932376861572266
007547 41.22121047973633
007767 65.58882141113281
004328 13.244179725646973
001250 156.4705810546875
003456 18.335479736328125
009336 117.33332824707031
009547 117.33332824707031
009307 152.0
000271 24.22488021850586
009402 117.33332824707031
003008 18.227603912353516
004898 18.43088722229004
006105 19.35496711730957
010650 111.0647201538086
000230 156.4705810546875
005210 14.571297645568848
004703 13.955195426940918
011079 46.399436950683594
001998 156.4705810546875
012021 82.13333129882812
011927 82.13333129882812
000796 110.83333587646484
003351 18.575620651245117
002559 17.17148780822754
008620 152.0
010459 111.0647201538086
012120 82.13333129882812
005189 14.446133613586426
000337 110.83333587646484
010155 117.5572509765625
004778 22.773727416992188
009970 117.33332824707031
010285 110.58492279052734
002275 79.08119201660156
008270 152.0
004492 15.15363883972168
002233 110.83333587646484
004110 16.401729583740234
006698 152.0
009678 37.287559509277344
008040 62.16902160644531
002901 32.86873245239258
005971 33.04570770263672
002790 17.9935302734375
000420 110.83333587646484
009072 56.692787170410156
008356 152.0
007516 53.2026252746582
007399 49.464351654052734
010990 117.33332824707031
003288 17.966503143310547
007132 152.0
006168 20.16805076599121
009739 117.33332824707031
010799 58.89860153198242
001036 156.4705810546875
000412 110.83333587646484
002963 33.52567672729492
005239 14.462387084960938
003807 17.429157257080078
005374 11.565932273864746
000066 37.75424575805664
001359 156.4705810546875
006502 111.0647201538086
010619 111.0647201538086
010191 55.72407913208008
001978 156.4705810546875
011460 117.33332824707031
000675 221.6666717529297
001264 110.83333587646484
009917 117.33332824707031
002385 17.809864044189453
003242 18.711334228515625
009931 117.33332824707031
011102 117.33332824707031
007414 20.976137161254883
006800 52.380889892578125
005140 18.060394287109375
007822 117.33332824707031
008734 152.0
003607 17.35553550720215
012075 82.13333129882812
000635 110.83333587646484
000546 221.6666717529297
003784 16.84813690185547
002038 221.6666717529297
007655 38.80884552001953
001325 156.4705810546875
002723 16.944128036499023
003114 17.830556869506836
012163 37.99165725708008
005970 20.11788558959961
010236 50.05209732055664
004574 14.254297256469727
001889 54.239952087402344
008975 152.0
007312 45.76399230957031
012234 36.62681198120117
006943 50.703125
005822 20.189451217651367
000098 28.783187866210938
001731 39.38899612426758
004147 17.426332473754883
001348 156.4705810546875
008000 46.00680923461914
009150 89.51263427734375
003869 16.31235122680664
001720 52.39888000488281
002250 31.51737403869629
011138 47.34983825683594
008263 152.0
003212 17.915109634399414
008762 152.0
004302 13.476593017578125
011731 117.33332824707031
010633 111.0647201538086
008854 135.79861450195312
007065 152.0
012264 82.13333129882812
001789 103.27690124511719
001297 19.133337020874023
005999 110.83333587646484
009399 117.33332824707031
004064 17.106857299804688
008744 124.85016632080078
003093 18.197568893432617
005135 14.144745826721191
001245 156.4705810546875
012154 55.361751556396484
002378 19.536876678466797
005905 18.582921981811523
004865 18.548995971679688
000390 110.83333587646484
011485 117.33332824707031
009230 36.693241119384766
011140 49.85932159423828
010682 111.0647201538086
008614 152.0
003487 18.270828247070312
003651 16.991146087646484
007032 152.0
007209 23.874263763427734
009348 114.8919448852539
012278 82.13333129882812
002320 18.106809616088867
001873 156.4705810546875
004077 18.473371505737305
004062 16.771427154541016
008293 152.0
002872 32.543819427490234
009530 20.799551010131836
010784 50.87562561035156
002021 156.4705810546875
001149 156.4705810546875
001562 156.4705810546875
004552 15.233051300048828
011296 117.33332824707031
009669 57.30974197387695
009531 19.624767303466797
005789 17.69713020324707
006706 46.81081008911133
001601 156.4705810546875
010019 26.2299861907959
003592 20.174461364746094
005915 19.664047241210938
004618 15.689882278442383
005249 14.508668899536133
010432 102.13313293457031
009873 73.25121307373047
006461 111.0647201538086
004823 14.377735137939453
009766 117.33332824707031
004273 13.053840637207031
009865 152.0
002883 32.91364288330078
007743 117.33332824707031
002938 34.126922607421875
011736 91.30043029785156
004687 13.701004028320312
012022 82.13333129882812
005188 14.124273300170898
002788 17.278512954711914
008837 98.25784301757812
007524 72.34710693359375
003759 16.900217056274414
002959 33.523155212402344
007967 95.00749969482422
011021 48.28851318359375
001908 156.4705810546875
000206 110.83333587646484
011640 117.33332824707031
003958 17.09255027770996
010350 111.0647201538086
011420 117.33332824707031
010113 76.56973266601562
002631 17.45374870300293
008185 46.3687858581543
002564 19.0363712310791
010922 117.33332824707031
009162 152.0
010221 95.7564926147461
003178 18.18890953063965
004122 17.325510025024414
010224 70.77861022949219
006096 19.536725997924805
007671 79.6251220703125
009157 41.9280891418457
007731 45.81412887573242
008880 152.0
000704 110.83333587646484
006631 63.98075866699219
006515 20.06188201904297
006355 75.11280822753906
001401 156.4705810546875
005049 14.563238143920898
006589 101.03569793701172
011610 78.28272247314453
000735 75.89378356933594
007348 30.321205139160156
001952 103.52656555175781
001870 156.4705810546875
004810 15.003113746643066
001606 156.4705810546875
006109 19.644378662109375
003959 16.790483474731445
000589 221.6666717529297
004696 13.723468780517578
005428 10.371155738830566
004475 13.892512321472168
000553 110.83333587646484
010460 111.0647201538086
007517 117.33332824707031
011844 117.33332824707031
002604 17.484750747680664
004882 14.675762176513672
005606 10.721272468566895
012526 82.13333129882812
002364 18.535524368286133
006582 72.4645004272461
000394 110.83333587646484
010423 51.25014877319336
008619 152.0
008802 37.96908187866211
010927 117.33332824707031
004981 51.953125
001380 156.4705810546875
005570 10.064627647399902
003290 18.202259063720703
009414 85.52252960205078
011408 87.28954315185547
004681 13.221673965454102
012439 82.13333129882812
006350 158.33334350585938
005619 11.25649356842041
003032 18.714536666870117
009087 93.08324432373047
003591 17.163415908813477
009251 152.0
010593 152.0
010793 28.00963592529297
011647 117.33332824707031
009759 117.16083526611328
003679 16.69708251953125
009204 152.0
010141 117.5572509765625
004826 14.773788452148438
008965 152.0
005823 20.6955509185791
007574 117.33332824707031
004494 15.204472541809082
003137 18.927165985107422
002940 37.48898696899414
000468 221.6666717529297
008770 152.0
004295 13.303156852722168
008523 152.0
004102 18.013412475585938
001534 156.4705810546875
010996 29.680683135986328
000478 221.6666717529297
007415 15.128517150878906
010109 73.66168975830078
011190 117.33332824707031
006819 44.12959671020508
001262 110.83333587646484
002975 18.11476707458496
012169 35.50089645385742
002624 17.435707092285156
009242 152.0
003108 18.159786224365234
008503 152.0
003370 17.814420700073242
007091 152.0
006797 120.838134765625
011915 56.73202133178711
000695 221.6666717529297
001791 83.93782043457031
010932 117.33332824707031
004963 51.953125
003524 17.754323959350586
011093 41.80788803100586
002681 17.3774356842041
000073 110.83333587646484
001492 156.4705810546875
003915 17.013341903686523
008963 42.36262512207031
000345 110.83333587646484
001885 61.47759246826172
004996 17.522022247314453
009163 152.0
009076 152.0
003921 16.881805419921875
008563 152.0
007052 152.0
000831 59.9642219543457
001724 43.482601165771484
005980 101.44738006591797
003005 18.169124603271484
006803 51.57970428466797
002126 26.133628845214844
007615 117.33332824707031
010963 50.61279296875
007521 24.099802017211914
003612 18.659255981445312
001837 31.569257736206055
006031 20.534820556640625
002179 29.745426177978516
003665 16.40925407409668
010634 111.0647201538086
001802 156.4705810546875
009756 117.33332824707031
002843 50.48320388793945
001703 156.4705810546875
009920 117.33332824707031
000149 221.6666717529297
004940 14.295881271362305
005255 13.77590560913086
001057 29.407386779785156
012591 58.34275436401367
012586 82.13333129882812
002765 17.324220657348633
003896 16.9923095703125
005522 15.27409553527832
008397 152.0
001351 156.4705810546875
011381 117.33332824707031
009805 152.0
009096 51.746150970458984
000434 110.83333587646484
006552 152.0
006410 40.98238754272461
001835 156.4705810546875
007834 117.33332824707031
001814 156.4705810546875
009997 117.33332824707031
001668 156.4705810546875
010190 32.2234992980957
003960 17.425872802734375
000896 221.6666717529297
000401 110.83333587646484
001882 40.15464401245117
009860 51.62881851196289
008902 152.0
002782 17.545209884643555
000731 156.4705810546875
011386 72.64177703857422
008043 63.9599494934082
004337 13.04499340057373
003669 16.67489242553711
010159 117.33332824707031
006787 39.45071792602539
004650 13.513325691223145
005100 17.423227310180664
007544 32.97484588623047
005296 15.721660614013672
010598 111.0647201538086
001446 156.4705810546875
009267 152.0
010715 92.63050842285156
003363 17.67503547668457
006750 49.01298522949219
010318 111.0647201538086
003169 18.78923988342285
007645 117.33332824707031
007240 47.1088752746582
009216 152.0
000778 110.83333587646484
003938 17.033935546875
011559 88.2927017211914
011564 43.93754959106445
006455 111.0647201538086
002079 21.30036163330078
001528 156.4705810546875
004547 13.71165657043457
006023 19.647850036621094
001282 36.14625930786133
009662 26.47429656982422
005143 51.953125
010549 84.0763931274414
007608 60.58774185180664
012091 82.13333129882812
006214 110.83333587646484
001638 156.4705810546875
012475 82.13333129882812
007435 14.318602561950684
012513 82.13333129882812
001330 156.4705810546875
010415 53.84410095214844
012299 82.13333129882812
003726 17.600194931030273
005888 21.340051651000977
000618 221.6666717529297
004714 13.991931915283203
011638 117.33332824707031
010811 100.95793151855469
005713 10.011463165283203
001512 156.4705810546875
003369 18.450960159301758
004505 15.034599304199219
012057 23.017528533935547
008583 152.0
009356 117.33332824707031
008081 152.0
004408 13.157732963562012
000872 221.6666717529297
004901 14.633358001708984
003901 16.79737663269043
007754 117.33332824707031
006883 112.80440521240234
007074 86.25990295410156
007804 80.18412017822266
005928 18.487951278686523
006758 84.94010162353516
001147 133.0622100830078
011437 47.47458267211914
008658 152.0
006021 19.429256439208984
011090 49.29352951049805
000443 110.83333587646484
005547 10.655121803283691
009723 56.96834182739258
009588 34.5987548828125
004700 13.604732513427734
009575 117.33332824707031
009396 117.33332824707031
009342 117.33332824707031
006765 89.87451934814453
002980 18.405803680419922
008777 56.58012390136719
007591 94.49942016601562
004459 14.70859432220459
011037 117.33332824707031
003644 16.761871337890625
000894 221.6666717529297
002114 78.69822692871094
006989 52.97246551513672
008810 152.0
004044 16.96382713317871
006292 26.005517959594727
012621 20.27570915222168
001946 114.89291381835938
003129 18.17293930053711
004424 13.346763610839844
001091 156.4705810546875
005387 10.670838356018066
001865 156.4705810546875
009903 117.33332824707031
009938 77.142822265625
005120 14.67342758178711
002092 78.69822692871094
012065 82.13333129882812
000202 46.05955123901367
008698 152.0
004186 13.37321949005127
009039 57.92129135131836
012207 28.145339965820312
000609 221.6666717529297
003256 18.355369567871094
001287 73.1302261352539
004095 17.482784271240234
002139 26.404722213745117
007324 46.73797607421875
004359 13.329916954040527
003955 17.054990768432617
009494 42.21235656738281
012323 14.386752128601074
000069 156.4705810546875
007261 51.28215408325195
010194 111.0647201538086
012536 82.13333129882812
003918 16.631877899169922
007784 78.27288818359375
004957 14.4619722366333
004912 15.308795928955078
006850 152.0
012058 82.13333129882812
000815 110.83333587646484
006173 19.455663681030273
000288 221.6666717529297
007949 54.96192169189453
010935 117.33332824707031
001915 156.4705810546875
002922 33.947227478027344
012456 82.13333129882812
011574 42.0775146484375
011446 117.33332824707031
009212 152.0
006204 20.639453887939453
010545 88.50411224365234
011160 52.82967758178711
008567 41.56013870239258
005158 51.953125
006865 152.0
010582 152.0
001604 156.4705810546875
004386 13.009039878845215
004570 16.83365821838379
003539 17.61056900024414
004885 17.502723693847656
003556 17.724336624145508
003096 18.060592651367188
005894 16.8016357421875
009512 29.64219856262207
005368 11.045289039611816
006510 111.0647201538086
006667 71.06199645996094
000350 110.83333587646484
000982 156.4705810546875
009196 152.0
000481 221.6666717529297
002882 33.03011703491211
008457 68.67028045654297
009854 41.118473052978516
012036 82.13333129882812
005796 19.12679100036621
006420 111.0647201538086
000014 66.75333404541016
010091 117.33332824707031
003738 17.368497848510742
008742 152.0
002328 17.963993072509766
005234 14.652256965637207
006071 21.349647521972656
007697 113.37828063964844
009857 152.0
003793 16.719633102416992
000404 110.83333587646484
007871 117.33332824707031
007087 132.134765625
010528 26.228588104248047
007468 31.061573028564453
006443 24.28810691833496
004654 14.953871726989746
012609 82.13333129882812
006837 52.49122619628906
000220 79.393310546875
008062 123.36884307861328
000273 16.11658477783203
008579 152.0
009732 117.33332824707031
012395 10.99445915222168
003549 17.988719940185547
007446 20.767826080322266
003801 16.90921401977539
001123 156.4705810546875
005170 51.953125
009777 48.35237121582031
004344 13.914511680603027
005848 21.381498336791992
006332 31.580175399780273
004099 17.30525779724121
006933 152.0
004648 13.585103034973145
006095 18.58241081237793
004814 14.2789306640625
002326 18.018356323242188
006373 111.0647201538086
005815 20.453487396240234
002428 17.883609771728516
003324 18.683908462524414
008826 147.53787231445312
001234 156.4705810546875
005286 12.90099811553955
006617 122.43977355957031
010717 68.96826934814453
010758 44.00046920776367
002103 17.639793395996094
009126 29.440776824951172
000364 110.83333587646484
003511 18.43710708618164
005884 19.272005081176758
005096 14.576018333435059
005759 15.227089881896973
002873 33.126136779785156
009133 108.76362609863281
002887 46.634376525878906
004223 13.426029205322266
012068 82.13333129882812
006675 96.40391540527344
006064 21.130035400390625
010210 101.32715606689453
007138 47.16012954711914
012272 82.13333129882812
006495 111.0647201538086
006231 11.815642356872559
009178 49.31882858276367
012560 18.193893432617188
011395 43.77902603149414
011442 94.05659484863281
011724 117.33332824707031
009714 117.33332824707031
000427 110.83333587646484
007732 117.33332824707031
001135 156.4705810546875
010097 117.33332824707031
003342 17.895366668701172
003250 17.818601608276367
003598 17.594165802001953
009244 132.92401123046875
006529 85.01372528076172
011382 117.33332824707031
005962 37.99872970581055
010034 63.73844909667969
005779 15.012969970703125
007644 106.83988952636719
001579 156.4705810546875
002130 26.31294059753418
011606 78.73357391357422
009408 57.11018753051758
009221 46.82211685180664
002483 18.91414451599121
009582 43.54350280761719
008562 145.21731567382812
002171 48.58112716674805
003657 16.52570343017578
003608 17.460290908813477
000665 221.6666717529297
006156 20.997703552246094
004964 14.572203636169434
008290 152.0
010020 32.800601959228516
007247 56.697052001953125
001180 156.4705810546875
005029 14.207911491394043
009125 36.926025390625
001597 156.4705810546875
000112 28.112613677978516
002237 30.765424728393555
004489 17.840633392333984
007486 40.43168258666992
002336 18.036680221557617
002003 59.38108825683594
003293 18.432241439819336
010287 86.47441864013672
007891 44.624847412109375
004557 17.362468719482422
003365 18.498371124267578
012461 50.572998046875
006810 34.52488327026367
001141 134.3020477294922
004145 17.63117027282715
005448 12.34620475769043
001730 59.5247917175293
001561 156.4705810546875
004231 13.068257331848145
002804 23.806806564331055
001118 156.4705810546875
001485 33.71467208862305
004945 14.997663497924805
001860 156.4705810546875
006067 21.778751373291016
003778 16.1199893951416
011083 103.00333404541016
004645 13.687560081481934
010942 117.33332824707031
006073 20.861650466918945
003041 18.629304885864258
001054 156.4705810546875
005471 15.249319076538086
001223 156.4705810546875
005787 16.713285446166992
012447 58.13614273071289
007373 94.8408203125
000535 221.6666717529297
004987 14.477129936218262
003894 17.553138732910156
004708 14.47689437866211
006620 66.01460266113281
012144 61.60597610473633
001127 152.52635192871094
004642 14.368244171142578
003971 16.90791893005371
011356 85.60008239746094
002930 37.29697799682617
002503 18.141128540039062
009914 117.33332824707031
006580 123.72333526611328
010737 117.33332824707031
006401 111.0647201538086
011890 42.777015686035156
000502 110.83333587646484
011583 37.077003479003906
000492 74.51448822021484
008339 152.0
006462 111.0647201538086
003782 17.0599365234375
006022 19.6575984954834
010357 89.72921752929688
010875 20.86866569519043
005267 13.132970809936523
000864 221.6666717529297
003632 21.1741943359375
001176 156.4705810546875
007987 55.28188705444336
002634 17.370534896850586
001439 37.98308181762695
006378 111.0647201538086
002662 17.20676612854004
007883 39.785579681396484
002313 21.69158172607422
004297 13.470104217529297
008336 152.0
002075 156.4705810546875
011785 117.33332824707031
002396 18.01799201965332
001544 60.606964111328125
011432 45.040897369384766
005670 42.91665267944336
004396 13.099813461303711
009310 20.748708724975586
008225 152.0
005507 15.08975887298584
010033 117.33332824707031
004803 14.322468757629395
005202 14.142128944396973
010581 152.0
000233 62.381553649902344
006726 108.6545639038086
003204 18.395244598388672
009862 21.800872802734375
004318 13.295247077941895
001867 106.03114318847656
003461 17.697656631469727
000561 110.83333587646484
003993 17.12199592590332
006428 111.0647201538086
011774 117.33332824707031
003386 17.90025520324707
008331 152.0
001236 156.4705810546875
002719 16.980073928833008
002978 18.185640335083008
005002 14.318553924560547
008312 152.0
007188 152.0
010158 117.33332824707031
004735 13.63663387298584
009082 152.0
000268 221.6666717529297
005477 16.093528747558594
000165 51.94061279296875
007925 92.5167465209961
003754 17.54482650756836
010704 81.16008758544922
000154 221.6666717529297
004060 15.555744171142578
006175 18.579017639160156
006950 47.905181884765625
009015 67.90181732177734
010220 32.8233757019043
007981 58.72092819213867
008665 152.0
001193 156.4705810546875
009159 98.62478637695312
009986 117.33332824707031
003649 16.663694381713867
011951 82.13333129882812
002800 17.653247833251953
003377 18.197559356689453
012496 82.13333129882812
000913 221.6666717529297
011554 60.956539154052734
012477 82.13333129882812
011562 91.2939682006836
007872 117.33332824707031
006546 111.0647201538086
009799 152.0
002202 27.932586669921875
002053 221.6666717529297
000634 110.83333587646484
002647 17.20313262939453
008261 81.1728744506836
005710 10.447123527526855
000441 110.83333587646484
012306 82.13333129882812
007879 117.33332824707031
011419 83.9213638305664
005393 11.678560256958008
007557 90.25804138183594
007050 17.672515869140625
005912 19.099878311157227
009993 117.33332824707031
003828 16.282264709472656
004775 14.41585922241211
005590 10.192729949951172
012092 82.13333129882812
009551 35.860939025878906
007890 38.55862808227539
003372 18.60260009765625
002585 17.49384880065918
012362 82.13333129882812
003136 18.464277267456055
000163 221.6666717529297
001071 156.4705810546875
003009 18.03177261352539
006062 25.18976593017578
011525 117.33332824707031
000494 110.83333587646484
008442 152.0
010079 117.33332824707031
004054 17.223756790161133
005600 9.972776412963867
007887 41.90263748168945
008792 102.476318359375
008253 152.0
009637 31.935871124267578
009013 116.3526382446289
003485 18.078428268432617
007653 117.33332824707031
008769 19.456140518188477
001900 39.375370025634766
001354 156.4705810546875
010722 117.33332824707031
006701 40.050140380859375
011454 117.33332824707031
001187 156.4705810546875
007058 152.0
000838 110.83333587646484
001331 156.4705810546875
005061 14.914716720581055
012616 73.547607421875
007057 152.0
007319 81.79381561279297
012398 9.250378608703613
000681 221.6666717529297
004943 14.57111930847168
002399 18.277488708496094
010265 65.0630111694336
005947 26.554704666137695
012004 74.22525787353516
006246 19.969829559326172
003515 18.589038848876953
006007 43.936161041259766
001718 38.976680755615234
005055 20.036537170410156
012332 82.13333129882812
002203 28.006011962890625
012005 82.13333129882812
004649 15.234933853149414
011055 41.34847640991211
011833 117.33332824707031
003353 18.226160049438477
009466 117.33332824707031
002665 17.195510864257812
005693 9.372495651245117
008863 58.10255432128906
002347 18.227807998657227
002733 17.397811889648438
010828 39.407997131347656
007218 26.042396545410156
009168 58.24015808105469
006492 111.0647201538086
006934 152.0
004514 14.504732131958008
010251 111.0647201538086
003953 17.268152236938477
000342 31.384763717651367
012571 38.35203552246094
002499 16.913543701171875
009136 124.76551818847656
000567 110.83333587646484
001925 156.4705810546875
007959 105.47952270507812
010809 36.956729888916016
003469 18.37808609008789
004436 12.97043228149414
004178 13.769953727722168
001614 156.4705810546875
009879 117.33332824707031
002198 28.158401489257812
005785 18.972728729248047
003903 18.068418502807617
010831 107.3504409790039
003899 17.60605812072754
005232 14.580889701843262
012256 82.13333129882812
009473 117.33332824707031
008632 152.0
011944 80.78135681152344
000144 156.4705810546875
011087 51.615535736083984
007762 101.075439453125
012106 82.13333129882812
011816 86.12256622314453
009000 33.51567459106445
008856 150.28648376464844
003094 18.383365631103516
000043 34.93894577026367
005825 23.1325740814209
002091 55.41666793823242
004726 12.686388969421387
000829 110.83333587646484
000822 110.83333587646484
006960 42.53660202026367
010296 111.0647201538086
005968 20.926149368286133
010398 86.82830047607422
004161 13.353148460388184
005738 12.201775550842285
006448 111.0647201538086
000044 35.074127197265625
001304 156.4705810546875
000174 71.16095733642578
000962 156.4705810546875
007937 152.0
012132 82.13333129882812
008738 35.203983306884766
004752 18.62312889099121
004502 14.371074676513672
008326 152.0
000315 221.6666717529297
009824 54.021305084228516
006613 131.34310913085938
003972 16.491710662841797
010021 117.33332824707031
002525 18.061067581176758
001848 156.4705810546875
008910 152.0
002982 18.10688018798828
004699 13.569499015808105
003977 17.094890594482422
009599 117.33332824707031
011746 117.33332824707031
012407 82.13333129882812
010314 111.0647201538086
007103 115.42878723144531
003252 17.978368759155273
010204 73.01498413085938
005581 12.926947593688965
005625 13.654383659362793
004112 17.693239212036133
008021 152.0
010146 16.640628814697266
005979 54.190582275390625
007059 152.0
000249 17.942594528198242
005253 12.822702407836914
011618 117.33332824707031
009956 71.89108276367188
010622 111.0647201538086
008417 152.0
004294 14.030281066894531
012409 44.004703521728516
010394 53.56405258178711
005379 11.782615661621094
008206 43.88735580444336
012417 82.13333129882812
009503 37.112815856933594
003976 17.217140197753906
010445 101.2012939453125
008689 152.0
008153 74.07894897460938
004352 13.721875190734863
000262 182.0577850341797
008011 112.1425552368164
002653 17.49069595336914
011360 117.33332824707031
006442 111.0647201538086
011115 117.33332824707031
009487 117.33332824707031
003674 18.304075241088867
002849 32.63807678222656
005194 14.589338302612305
012006 82.13333129882812
007030 56.011905670166016
002111 16.50055694580078
005967 20.13257598876953
005784 18.25178337097168
009764 107.21112060546875
010532 94.88356018066406
006398 81.30088806152344
008723 152.0
009655 36.525630950927734
009898 95.18242645263672
008034 102.55260467529297
003058 17.97380256652832
004928 19.192533493041992
010347 45.44123840332031
010076 117.33332824707031
005056 14.63295841217041
009054 152.0
005944 20.24759292602539
007382 26.485864639282227
004292 13.462793350219727
006535 111.0647201538086
008313 152.0
006812 70.50550842285156
004977 14.672419548034668
007954 77.40343475341797
000875 221.6666717529297
003638 17.173303604125977
008016 89.77064514160156
007933 152.0
001833 156.4705810546875
007487 40.5831413269043
003970 17.160200119018555
003756 17.61823272705078
002381 17.875661849975586
012501 82.13333129882812
009495 48.41168975830078
009301 152.0
010301 111.0647201538086
004135 16.69501304626465
004299 13.596037864685059
002928 42.03834533691406
012480 82.13333129882812
000976 156.4705810546875
005633 45.56090545654297
008329 152.0
001945 156.4705810546875
008510 152.0
009004 66.67046356201172
005620 11.217207908630371
000224 25.886343002319336
009074 152.0
006723 151.93788146972656
010899 81.27748107910156
010771 16.6920166015625
006391 25.560840606689453
000179 29.264888763427734
010496 111.0647201538086
006531 34.435245513916016
001198 156.4705810546875
010302 111.0647201538086
001473 25.637353897094727
010015 101.89263153076172
008428 152.0
010024 83.77922058105469
001286 34.211299896240234
002312 21.468339920043945
010962 41.29378128051758
005551 11.611743927001953
007260 56.13205337524414
002263 31.624940872192383
006110 19.795392990112305
011813 117.33332824707031
007094 152.0
003505 18.218801498413086
006072 21.61790657043457
000026 18.22191047668457
010327 111.0647201538086
011112 111.4406509399414
004867 14.332904815673828
004057 16.98230743408203
000754 110.83333587646484
001382 156.4705810546875
011293 117.33332824707031
003345 18.16568374633789
007374 77.37200927734375
008566 59.13044738769531
012349 82.13333129882812
004698 13.532034873962402
003130 18.31511116027832
001209 156.4705810546875
004760 18.704322814941406
001290 39.811641693115234
007457 41.948036193847656
009901 45.503173828125
005451 12.353536605834961
002630 17.506940841674805
000201 29.82439613342285
003312 18.18850326538086
006439 111.0647201538086
004254 13.31093978881836
010954 117.33332824707031
011233 117.33332824707031
003948 17.716806411743164
007681 36.53312683105469
002302 30.53034782409668
003034 18.354507446289062
003847 16.654001235961914
002020 20.50178337097168
004159 13.584129333496094
004258 13.777986526489258
009949 117.33332824707031
004316 13.363292694091797
001087 156.4705810546875
002614 17.47515296936035
008670 152.0
007679 51.69032287597656
010442 111.0647201538086
010669 99.66905975341797
010080 117.33332824707031
003154 18.835546493530273
000899 221.6666717529297
010515 23.611597061157227
007852 60.07593536376953
004855 14.424633026123047
005200 14.424982070922852
012381 82.13333129882812
002447 17.866193771362305
006928 77.2152099609375
009617 58.2781867980957
002398 18.07196044921875
000185 44.52004623413086
000484 221.6666717529297
008824 71.39225006103516
009392 117.33332824707031
006536 111.0647201538086
005066 14.736684799194336
008287 152.0
010418 85.01409912109375
001294 156.4705810546875
007534 22.59969139099121
002856 33.03374481201172
005596 11.024182319641113
005046 14.566848754882812
010376 28.354692459106445
003775 16.770275115966797
011619 50.672401428222656
006128 31.013944625854492
012600 55.45348358154297
002287 31.85952377319336
012412 7.649146556854248
011026 92.17564392089844
006170 22.083114624023438
007163 53.41734313964844
002311 22.09149742126465
011897 82.13333129882812
003752 17.36085319519043
010712 31.25348472595215
003144 18.120075225830078
006085 20.322933197021484
000157 40.207984924316406
008811 152.0
008445 152.0
002815 17.555870056152344
007428 15.960532188415527
009100 52.22400665283203
011578 24.079730987548828
001550 156.4705810546875
005941 19.801647186279297
011267 117.33332824707031
010183 67.69412994384766
003946 16.948705673217773
003399 18.51199722290039
008919 152.0
007401 36.9286003112793
004336 13.390454292297363
009354 20.664567947387695
006786 135.67185974121094
010198 63.4056282043457
007906 152.0
000235 20.760210037231445
010094 31.522056579589844
007369 65.55506896972656
010223 30.089275360107422
003668 16.720062255859375
008008 138.62881469726562
002152 27.029829025268555
000457 221.6666717529297
011721 117.33332824707031
003654 17.175291061401367
008953 40.82302474975586
007669 101.04866027832031
000333 156.4705810546875
010450 111.0647201538086
004804 14.787809371948242
008778 152.0
011040 77.238525390625
008251 152.0
003826 16.95409393310547
004511 14.886310577392578
007245 51.4337043762207
000270 18.593652725219727
004881 14.509757041931152
012243 47.01647186279297
010448 38.294952392578125
006911 40.44261932373047
001102 156.4705810546875
004298 13.741691589355469
003645 15.794654846191406
002828 51.953125
004548 14.953169822692871
010905 20.58164405822754
004749 18.791555404663086
011733 117.33332824707031
008344 152.0
010308 49.72953796386719
009733 117.33332824707031
004377 12.932489395141602
010282 67.40129852294922
006516 53.652748107910156
010071 117.33332824707031
011345 117.33332824707031
000440 110.83333587646484
009611 22.347152709960938
007344 31.15253257751465
006267 19.57552146911621
002899 32.383113861083984
009011 63.699737548828125
000776 110.83333587646484
006851 35.596092224121094
008480 152.0
008534 137.97584533691406
007526 20.578968048095703
004745 18.116382598876953
000773 110.83333587646484
004697 13.61253833770752
005147 28.08438491821289
005961 23.158283233642578
002586 17.256065368652344
005133 14.81235122680664
011393 117.33332824707031
007844 117.33332824707031
004919 14.499725341796875
005711 10.94780445098877
000738 110.83333587646484
009003 47.804969787597656
008973 152.0
001379 156.4705810546875
002513 18.545087814331055
001786 71.57756042480469
005663 15.025857925415039
001156 156.4705810546875
010557 85.78804779052734
000581 110.83333587646484
002141 25.607288360595703
011114 117.33332824707031
004233 13.442887306213379
000047 34.288169860839844
011157 44.11454391479492
012038 82.13333129882812
008465 152.0
003184 17.73745346069336
009844 151.91482543945312
007232 35.28018569946289
007683 117.33332824707031
005386 10.23128604888916
011033 117.33332824707031
010436 31.424467086791992
009044 65.9543228149414
002823 17.52131462097168
010192 111.0647201538086
002517 17.75762176513672
007021 63.99869918823242
004106 17.47357177734375
002234 29.111989974975586
005103 14.439054489135742
002146 26.61608123779297
007365 32.16306686401367
008746 152.0
007495 38.163429260253906
008877 23.803762435913086
010331 40.74001693725586
009026 70.68700408935547
003433 19.585050582885742
000530 221.6666717529297
009282 131.25799560546875
000467 221.6666717529297
001844 156.4705810546875
007779 40.994476318359375
004015 16.857702255249023
002854 43.74424362182617
002362 46.37222671508789
003120 17.794830322265625
004342 13.038740158081055
009389 117.33332824707031
003968 17.23999786376953
010300 40.274208068847656
010073 46.02039337158203
008992 55.4371337890625
008248 152.0
004664 14.55587387084961
012182 8.865822792053223
011332 117.33332824707031
009496 80.88919067382812
004165 13.18628978729248
003460 18.495288848876953
004742 13.322341918945312
000645 110.83333587646484
005094 16.218868255615234
012179 17.00450325012207
001772 22.795515060424805
007288 20.56302833557129
001647 156.4705810546875
005842 21.08839988708496
010374 111.0647201538086
008227 152.0
012145 82.13333129882812
000660 214.4823455810547
011015 43.484954833984375
000393 92.31124877929688
007809 13.785962104797363
007668 76.08196258544922
003865 16.626249313354492
001719 35.95016860961914
001556 45.90530014038086
000900 221.6666717529297
003821 17.19437026977539
004309 13.286771774291992
004174 13.52878189086914
004255 13.616360664367676
000821 110.83333587646484
011276 117.33332824707031
003809 16.760501861572266
011931 82.13333129882812
001099 156.4705810546875
011804 117.33332824707031
005523 15.280275344848633
001759 156.4705810546875
000554 110.83333587646484
000595 221.6666717529297
002013 156.4705810546875
000968 156.4705810546875
011609 35.81197738647461
001617 156.4705810546875
001520 79.0020523071289
010920 117.33332824707031
005165 51.953125
003711 17.487091064453125
011953 82.13333129882812
004251 13.089299201965332
010519 29.841617584228516
009527 22.093141555786133
005028 15.62366008758545
007291 23.914663314819336
002101 34.675628662109375
012151 68.31388854980469
005152 14.370991706848145
010279 61.50528335571289
000832 110.83333587646484
007543 56.826072692871094
005871 19.962724685668945
006520 111.0647201538086
001266 110.83333587646484
006154 20.565364837646484
011926 82.13333129882812
005593 10.206745147705078
000786 110.83333587646484
007418 21.694501876831055
007339 30.255413055419922
004883 15.587191581726074
005465 15.479205131530762
008569 43.418357849121094
012495 82.13333129882812
003904 17.775264739990234
002498 18.44778823852539
009450 117.33332824707031
000279 43.287391662597656
011482 79.36278533935547
011162 84.6585464477539
009916 117.33332824707031
003017 18.084829330444336
002707 17.754364013671875
002521 19.534759521484375
012222 82.13333129882812
003952 17.518064498901367
005087 51.953125
009839 91.86255645751953
012619 21.23059844970703
007131 86.25050354003906
010928 117.33332824707031
002543 17.646997451782227
008327 152.0
007259 49.180259704589844
003104 18.179189682006836
004528 13.94687271118164
003507 18.207334518432617
011878 82.13333129882812
003284 18.1486873626709
004229 13.527046203613281
002226 47.77035903930664
010438 111.0647201538086
012050 65.80646514892578
008409 152.0
012459 45.671363830566406
003162 18.184772491455078
010907 31.312463760375977
008155 128.28668212890625
006645 152.0
002392 18.40407943725586
010511 31.2049617767334
004101 17.41673469543457
005935 37.975250244140625
005857 19.89499282836914
002981 18.68393898010254
007800 24.713857650756836
010177 51.25224685668945
011864 117.33332824707031
000382 110.83333587646484
009853 69.40528869628906
001285 22.91037940979004
008349 148.6656036376953
002827 17.575809478759766
000767 110.83333587646484
000847 221.6666717529297
000728 97.36077117919922
008136 152.0
004048 17.497159957885742
004051 16.983295440673828
001553 47.187625885009766
012491 82.13333129882812
008768 152.0
008774 20.274518966674805
004189 13.316078186035156
000414 110.83333587646484
003945 16.69003677368164
000952 221.6666717529297
005864 19.35370635986328
002627 17.229446411132812
004801 14.944649696350098
011789 81.63484191894531
007323 53.319435119628906
004345 13.073053359985352
004789 14.554679870605469
000099 29.63994026184082
011870 117.33332824707031
009246 152.0
006259 20.758880615234375
002457 18.144622802734375
002467 19.62700080871582
004546 13.80929183959961
012288 27.44168472290039
000694 50.70817565917969
009620 104.68294525146484
004706 13.553146362304688
001586 156.4705810546875
000565 110.83333587646484
007819 117.33332824707031
011101 117.33332824707031
005719 10.925836563110352
011843 117.33332824707031
000764 110.83333587646484
004658 13.959836959838867
011370 50.68326950073242
001630 156.4705810546875
003470 17.860136032104492
002758 17.966346740722656
000521 110.83333587646484
012020 82.13333129882812
008652 152.0
001199 156.4705810546875
002973 18.04606819152832
005532 14.536538124084473
003036 17.596099853515625
003135 17.759702682495117
006493 111.0647201538086
011214 117.33332824707031
004351 12.846101760864258
000827 110.83333587646484
003343 18.099668502807617
000076 156.4705810546875
008460 152.0
009518 38.0342903137207
011044 117.33332824707031
009663 33.92616653442383
003923 16.945789337158203
000170 79.60037994384766
001918 156.4705810546875
002592 17.138980865478516
003783 16.625444412231445
000229 156.4705810546875
007405 117.33332824707031
002807 20.322660446166992
012281 82.13333129882812
006340 34.449005126953125
009657 24.445068359375
006807 88.04783630371094
007590 84.4947280883789
010912 108.01725006103516
000134 221.6666717529297
007458 82.76541137695312
002031 120.68623352050781
005685 15.368013381958008
009983 15.81777572631836
002577 17.35803985595703
005936 49.82981491088867
004776 14.13167953491211
001735 39.142677307128906
008276 152.0
003406 18.003366470336914
011159 40.990394592285156
005577 12.107009887695312
012192 82.13333129882812
005735 11.62520694732666
002682 17.563526153564453
012437 82.13333129882812
003498 18.157129287719727
005496 15.794478416442871
000991 156.4705810546875
006887 43.783748626708984
000619 221.6666717529297
012433 82.13333129882812
004284 13.222314834594727
006424 110.82161712646484
005812 20.523685455322266
008506 152.0
001619 156.4705810546875
010396 41.77018737792969
007190 152.0
005084 14.574970245361328
003254 18.18883514404297
008669 152.0
007155 128.18540954589844
000920 221.6666717529297
008565 121.44961547851562
007016 149.9960174560547
006904 101.452392578125
009457 117.33332824707031
011470 117.33332824707031
006111 18.780702590942383
001409 156.4705810546875
005845 20.873905181884766
008159 118.20049285888672
001040 44.1098747253418
002434 18.04781150817871
000107 30.73874855041504
008137 39.86861038208008
000961 156.4705810546875
004556 15.054047584533691
011668 117.33332824707031
005695 8.219437599182129
009030 152.0
001152 156.4705810546875
010218 52.643699645996094
000726 87.62674713134766
005630 15.105018615722656
003565 17.704944610595703
008920 52.3570556640625
012530 82.13333129882812
006715 152.0
000931 55.82210159301758
012150 82.13333129882812
012310 31.09009552001953
011060 54.30442810058594
011657 62.552127838134766
008914 149.92909240722656
011925 82.13333129882812
007479 41.80184555053711
012051 65.66763305664062
003385 18.606182098388672
001455 34.5738525390625
008648 152.0
003576 20.345775604248047
007189 146.89346313476562
009796 27.414226531982422
005101 15.194364547729492
005137 14.813764572143555
010594 152.0
011690 117.33332824707031
007788 117.33332824707031
001625 156.4705810546875
012545 28.511058807373047
005981 26.832799911499023
005292 15.233882904052734
003168 18.01402473449707
000093 28.63153076171875
000840 110.83333587646484
005167 24.32440757751465
006305 19.379362106323242
005818 20.46473503112793
010708 30.05190086364746
009099 51.426368713378906
010185 111.0647201538086
000849 221.6666717529297
002931 33.3861083984375
005716 10.176128387451172
005350 10.931987762451172
012037 82.13333129882812
004617 14.359694480895996
009507 46.881526947021484
001175 156.4705810546875
009464 117.33332824707031
011762 95.2693099975586
012076 82.13333129882812
006540 111.0647201538086
009815 66.61860656738281
007391 45.92374038696289
006262 20.03394889831543
000891 109.67835235595703
002632 16.940032958984375
006226 11.066428184509277
007520 40.90803909301758
006543 111.0647201538086
001968 156.4705810546875
002737 17.298755645751953
000445 110.83333587646484
003483 17.886701583862305
012476 82.13333129882812
001298 18.759349822998047
005150 51.953125
001790 156.4705810546875
010228 61.89088821411133
012448 82.13333129882812
006101 18.308637619018555
008726 152.0
005939 19.715442657470703
010032 83.58946990966797
011967 59.23042297363281
006647 152.0
002732 17.52878761291504
004224 13.474626541137695
012400 8.453479766845703
003436 18.166339874267578
009574 117.33332824707031
004076 17.6188907623291
001965 156.4705810546875
003817 17.266437530517578
004665 14.218503952026367
010010 22.658039093017578
012266 82.13333129882812
009403 117.33332824707031
011452 117.33332824707031
005333 10.54699420928955
006068 21.553569793701172
005923 19.395259857177734
010006 117.33332824707031
009104 39.854801177978516
002389 18.507434844970703
007540 18.858964920043945
002726 17.4243221282959
011845 117.33332824707031
002615 17.424388885498047
005180 14.494208335876465
005149 14.673480033874512
011741 87.0338134765625
006768 57.696044921875
012023 82.13333129882812
004948 15.677997589111328
011518 117.33332824707031
012124 82.13333129882812
001598 156.4705810546875
006844 126.53779602050781
000719 156.4705810546875
003071 17.65637969970703
008767 16.764692306518555
001727 40.74031448364258
008785 152.0
002255 32.08830642700195
012082 82.13333129882812
010379 101.1767349243164
008739 152.0
012458 82.13333129882812
010601 99.57728576660156
001463 35.3786506652832
006945 152.0
009435 78.04024505615234
005484 16.060989379882812
005539 9.739842414855957
000255 156.4705810546875
011177 117.33332824707031
012346 8.746248245239258
001688 156.4705810546875
011187 117.33332824707031
001061 40.093379974365234
003887 17.63865852355957
001560 156.4705810546875
007411 117.33332824707031
000083 156.4705810546875
006319 27.030372619628906
005757 15.28629207611084
009388 117.33332824707031
006167 20.79563331604004
006703 46.34798049926758
001048 36.15143585205078
010355 63.945068359375
011401 60.76720428466797
002826 17.54147720336914
002391 17.284252166748047
012405 20.343114852905273
001376 156.4705810546875
008874 125.67587280273438
001504 156.4705810546875
011109 117.33332824707031
009194 152.0
012607 82.13333129882812
008178 152.0
009117 79.96009826660156
008816 152.0
010470 111.0647201538086
000166 107.39778137207031
009998 53.63862228393555
000458 221.6666717529297
005924 18.535581588745117
012170 22.309656143188477
005679 13.888697624206543
003723 16.70081329345703
006466 111.0647201538086
005559 11.556231498718262
010952 117.33332824707031
011226 117.33332824707031
002067 156.4705810546875
011820 96.2730941772461
005352 10.839181900024414
010399 84.18492126464844
010745 96.18958282470703
005965 59.910552978515625
002194 29.048521041870117
006408 18.976593017578125
003132 18.451519012451172
003692 17.883987426757812
006801 152.0
005686 15.65319538116455
009384 117.33332824707031
006456 111.0647201538086
007120 48.41660690307617
004368 13.309486389160156
002207 29.864328384399414
001521 78.97196197509766
001911 156.4705810546875
002005 32.87254333496094
011189 69.13545227050781
002977 17.478755950927734
002259 32.45234298706055
012523 82.13333129882812
003712 16.938493728637695
012156 82.13333129882812
009357 17.8074951171875
001874 156.4705810546875
009579 49.936859130859375
009763 106.36890411376953
011854 117.33332824707031
000640 110.83333587646484
010373 60.09121322631836
010333 111.0647201538086
001003 156.4705810546875
006078 68.23017120361328
010498 29.391334533691406
002751 17.470195770263672
010284 60.45451354980469
004841 14.174947738647461
011594 117.33332824707031
007108 152.0
009314 117.33332824707031
005883 20.408708572387695
000188 156.4705810546875
009981 29.729434967041016
005911 18.221620559692383
012561 82.13333129882812
006693 77.02165985107422
011669 117.33332824707031
011474 117.33332824707031
002405 18.18812370300293
008655 152.0
003347 18.623708724975586
011068 111.01611328125
007148 123.70510864257812
007438 117.33332824707031
005175 18.62955665588379
000285 221.6666717529297
004250 13.551558494567871
003846 16.665569305419922
006641 90.41838836669922
009994 117.33332824707031
006087 72.15132141113281
012386 6.743481636047363
007360 34.00284194946289
005839 25.10556411743164
010413 52.50171661376953
001041 37.98435592651367
009969 20.679136276245117
006879 62.088844299316406
002829 17.090476989746094
002252 32.510231018066406
012040 82.13333129882812
008176 152.0
000173 59.41729736328125
010484 86.43260192871094
010827 42.56800079345703
002058 156.4705810546875
006086 21.648880004882812
002426 16.817678451538086
010832 20.63480567932129
001361 156.4705810546875
002125 26.36288833618164
006120 18.787527084350586
004281 13.201279640197754
008917 145.79656982421875
010663 92.86219024658203
006909 92.81816864013672
002380 17.986438751220703
004032 17.394512176513672
006532 111.0647201538086
010230 67.38784790039062
006238 14.656708717346191
005909 19.019840240478516
004741 13.554220199584961
003489 18.163076400756836
005356 10.91004753112793
000775 110.83333587646484
008321 152.0
004795 14.567947387695312
010791 37.78664016723633
008047 152.0
005872 29.44915199279785
010154 117.5572509765625
003766 16.70119857788086
007807 84.63141632080078
005760 15.534250259399414
006544 21.29316520690918
011661 100.99246215820312
003395 18.230119705200195
010389 111.0647201538086
009980 26.525144577026367
005662 14.733918190002441
011107 117.33332824707031
007875 117.33332824707031
008216 152.0
001322 156.4705810546875
011006 34.41203308105469
010727 109.02433776855469
011426 36.60029220581055
000846 221.6666717529297
006772 54.0772705078125
007464 23.511449813842773
008386 152.0
005692 9.400396347045898
012130 82.13333129882812
006069 20.991439819335938
003013 18.06099510192871
007270 30.28590965270996
000470 221.6666717529297
010886 24.456069946289062
005418 11.089896202087402
004067 17.191431045532227
005293 15.863719940185547
002767 17.62873649597168
001775 27.34014129638672
009897 96.50260162353516
001676 156.4705810546875
001484 35.63554382324219
005493 15.356112480163574
010052 84.6427230834961
003185 18.37685203552246
002116 55.41666793823242
010551 80.56816864013672
002335 17.790924072265625
000167 102.72526550292969
012585 11.121040344238281
009436 117.33332824707031
006249 20.058513641357422
006452 20.561838150024414
009623 21.463878631591797
006729 87.54435729980469
000808 110.83333587646484
005309 10.226692199707031
009991 117.33332824707031
008748 152.0
006227 11.015945434570312
007395 117.33332824707031
009035 102.70072937011719
000454 221.6666717529297
011494 47.9988899230957
003859 16.277433395385742
000274 15.280369758605957
008118 93.68292236328125
002575 17.409317016601562
010948 117.33332824707031
000844 221.6666717529297
003203 18.415769577026367
006195 17.52997589111328
004330 13.41355037689209
004942 14.463499069213867
004286 13.539436340332031
002742 17.76801872253418
012063 82.13333129882812
007715 117.33332824707031
006722 73.79827880859375
009973 117.33332824707031
008306 152.0
002269 30.72420883178711
008887 152.0
010234 79.17779541015625
003774 17.053194046020508
012420 82.13333129882812
005497 16.231281280517578
005870 19.939170837402344
009017 81.19226837158203
011988 58.99701690673828
006738 95.42227172851562
007966 99.0792236328125
010058 117.33332824707031
005342 10.599349975585938
000861 221.6666717529297
011885 82.13333129882812
001469 156.4705810546875
011412 60.732906341552734
011650 117.33332824707031
000733 156.4705810546875
002625 17.344532012939453
011200 117.33332824707031
008993 152.0
010812 26.174270629882812
000002 23.831615447998047
004175 13.405030250549316
000685 221.6666717529297
009703 43.750144958496094
008180 105.77641296386719
004437 12.952417373657227
010591 152.0
005282 13.273972511291504
005390 11.161635398864746
009037 46.44090270996094
005624 13.410992622375488
011505 117.194091796875
007947 80.32894897460938
000529 221.6666717529297
010864 34.3036003112793
006868 50.00437927246094
004693 13.461874008178711
006488 111.0647201538086
010447 111.0647201538086
010310 111.0647201538086
007114 95.4448471069336
012094 82.13333129882812
007152 89.77870178222656
002162 28.712940216064453
012227 82.13333129882812
012291 82.13333129882812
011548 72.36492919921875
003867 16.63428497314453
011194 117.33332824707031
011128 105.6419448852539
007186 77.77376556396484
005248 15.049551010131836
001955 156.4705810546875
000661 221.6666717529297
004232 13.275723457336426
007733 40.535919189453125
010462 111.0647201538086
003820 17.525758743286133
000677 221.6666717529297
000436 110.83333587646484
002909 36.88254928588867
003661 17.52715492248535
009009 75.53350830078125
007207 17.445947647094727
010414 86.5368881225586
002533 18.297998428344727
008615 152.0
007581 100.37759399414062
007975 49.36334228515625
000485 110.83333587646484
005113 26.073366165161133
009803 26.993412017822266
005268 22.139890670776367
002591 17.080554962158203
005043 14.426639556884766
002408 16.793930053710938
003257 18.038860321044922
000095 31.587196350097656
002976 18.29677391052246
012084 18.970375061035156
004772 15.610884666442871
000058 156.4705810546875
003466 17.54213523864746
006115 18.628246307373047
011217 117.33332824707031
009459 117.33332824707031
008898 90.49479675292969
010008 51.559600830078125
011063 76.48107147216797
002680 17.56117820739746
004783 20.22540283203125
002638 17.018320083618164
010211 97.92991638183594
010743 117.33332824707031
003440 18.690160751342773
003374 17.89305305480957
007953 38.745296478271484
008214 152.0
007140 49.295108795166016
007263 46.132999420166016
005729 8.67573070526123
005546 10.314726829528809
003543 16.457263946533203
002896 33.27964401245117
002108 26.08351707458496
009542 24.478906631469727
007506 52.429935455322266
010148 113.94624328613281
011020 45.25664138793945
006799 152.0
010292 111.0647201538086
011352 86.005615234375
007889 102.96630096435547
011588 29.35620880126953
001997 156.4705810546875
007530 33.900333404541016
002149 25.814184188842773
011084 104.13412475585938
002208 29.42921257019043
005850 20.088293075561523
012532 82.13333129882812
005521 15.892569541931152
002797 17.846710205078125
011838 84.26680755615234
012406 21.364179611206055
010108 117.33332824707031
011850 117.33332824707031
012370 80.22311401367188
012344 7.5554962158203125
009203 152.0
008217 152.0
004792 19.05876350402832
005259 12.848235130310059
006176 19.097640991210938
000885 221.6666717529297
007205 16.9647159576416
011717 117.33332824707031
008989 54.08451461791992
008984 45.103450775146484
004968 16.104795455932617
006696 57.796295166015625
002215 27.795658111572266
005718 11.356980323791504
012392 13.84227466583252
011016 43.093955993652344
008444 152.0
005843 21.050046920776367
002990 18.034727096557617
008238 152.0
012594 82.13333129882812
008727 29.078285217285156
003315 18.684955596923828
004272 13.282609939575195
007041 152.0
005542 9.839842796325684
010626 111.0647201538086
000862 221.6666717529297
001712 156.4705810546875
008582 152.0
006607 39.30213928222656
005610 11.0257568359375
006179 18.71727180480957
004813 14.27283000946045
005748 14.295487403869629
002629 17.378673553466797
003962 17.309541702270508
011895 70.72932434082031
010810 26.388185501098633
011209 117.33332824707031
006916 51.684974670410156
004274 13.433348655700684
004743 18.7978458404541
000309 110.83333587646484
000926 221.6666717529297
003382 17.89422035217285
009913 117.33332824707031
010164 77.65644073486328
000940 221.6666717529297
007957 70.94081115722656
006130 20.891490936279297
009158 41.57518768310547
008177 152.0
001671 156.4705810546875
011686 117.33332824707031
005681 15.012348175048828
006846 152.0
002639 17.606075286865234
009600 43.56272888183594
003373 17.87786865234375
001871 156.4705810546875
008818 95.86072540283203
000845 221.6666717529297
003244 18.403003692626953
001460 26.240764617919922
008094 84.0323715209961
006788 53.968082427978516
001766 156.4705810546875
000522 110.83333587646484
011584 22.464569091796875
003730 16.538442611694336
011572 33.85414505004883
009652 18.798383712768555
008385 152.0
005156 14.799100875854492
008997 152.0
008696 152.0
006445 111.0647201538086
009249 152.0
006744 31.26581382751465
006977 86.20545196533203
010943 117.33332824707031
001636 156.4705810546875
000779 110.83333587646484
009801 152.0
010767 14.536665916442871
003270 18.011396408081055
004014 17.000141143798828
003446 18.11236000061035
006276 110.83333587646484
005721 10.68964958190918
002847 34.6804084777832
000146 157.85385131835938
008256 152.0
005348 11.31580638885498
012500 82.13333129882812
009932 117.33332824707031
002077 156.4705810546875
006974 59.030948638916016
000992 156.4705810546875
009179 50.327552795410156
006623 88.91445922851562
008872 113.36109161376953
008535 18.53852653503418
006394 65.69700622558594
012115 82.13333129882812
008432 152.0
000810 110.83333587646484
007233 34.63153839111328
006345 25.169607162475586
010078 117.33332824707031
005514 16.07002830505371
003155 17.94795036315918
004168 13.869062423706055
007629 89.34396362304688
005643 15.759967803955078
010960 31.32847785949707
001623 156.4705810546875
008352 152.0
003362 18.550548553466797
008867 55.55956268310547
009073 152.0
010217 74.7951889038086
003815 16.778255462646484
007605 117.33332824707031
003895 16.733707427978516
009680 42.56687545776367
001466 47.44102096557617
012001 82.13333129882812
002435 17.341909408569336
009572 117.33332824707031
001717 36.778804779052734
006098 18.746776580810547
007774 117.33332824707031
005851 19.984844207763672
003705 18.490650177001953
008706 152.0
007465 105.44947052001953
005017 14.658981323242188
009977 117.33332824707031
011874 82.13333129882812
007988 61.83528518676758
000126 34.342010498046875
001015 156.4705810546875
001975 156.4705810546875
012078 82.13333129882812
010213 29.72964859008789
009462 110.4393081665039
009698 117.33332824707031
008967 103.7862319946289
012380 82.13333129882812
005420 10.272319793701172
007862 117.33332824707031
010678 111.0647201538086
004195 13.536813735961914
010666 111.0647201538086
004997 46.59762191772461
004773 14.57860279083252
002458 18.758747100830078
011013 43.525962829589844
004884 14.576071739196777
007702 76.69806671142578
012133 82.13333129882812
004920 14.728344917297363
001568 156.4705810546875
006644 90.56123352050781
002590 17.358314514160156
012294 82.13333129882812
006687 36.092628479003906
005263 13.283282279968262
007440 117.33332824707031
001454 156.4705810546875
007716 102.1820297241211
011703 117.33332824707031
007686 41.59394073486328
012605 82.13333129882812
002957 33.038665771484375
011259 93.62139129638672
004088 17.627548217773438
006338 17.16258430480957
008340 152.0
006563 152.0
006261 45.60398864746094
005462 16.000505447387695
008124 30.294235229492188
010397 111.0647201538086
004037 17.19339942932129
000662 221.6666717529297
008611 152.0
011769 81.71992492675781
003602 16.427356719970703
006365 17.79188346862793
007055 152.0
011791 117.33332824707031
009338 117.33332824707031
010383 111.0647201538086
001701 156.4705810546875
009343 117.33332824707031
005861 19.009252548217773
006669 31.46382713317871
008376 38.946739196777344
001044 42.574031829833984
002814 19.12837791442871
004880 17.338876724243164
003139 18.220924377441406
010596 111.0647201538086
012520 82.13333129882812
005706 11.03172492980957
011773 117.33332824707031
008882 56.81833267211914
009207 152.0
011463 117.33332824707031
003125 17.875486373901367
007724 117.33332824707031
010366 111.0647201538086
010152 117.5572509765625
003526 18.370012283325195
002507 17.53213882446289
008341 152.0
010630 111.0647201538086
005819 20.0676326751709
006040 19.957439422607422
002970 32.74296951293945
005080 14.335785865783691
006406 111.0647201538086
000752 110.83333587646484
008484 152.0
004972 51.953125
001353 156.4705810546875
004276 13.54445743560791
008521 66.80277252197266
010910 111.26779174804688
000751 110.83333587646484
012149 22.697004318237305
010189 26.739425659179688
005890 34.65815353393555
006809 31.559099197387695
011047 49.06609344482422
010947 33.2340202331543
007392 38.07184982299805
002046 221.6666717529297
005836 20.367868423461914
002480 18.9552001953125
000293 110.83333587646484
001391 156.4705810546875
002461 17.209074020385742
010112 117.33332824707031
010025 40.7255744934082
002393 17.439149856567383
001905 156.4705810546875
007199 28.708126068115234
002127 25.441896438598633
010684 111.0647201538086
005680 14.246025085449219
008585 152.0
002190 27.66108512878418
006327 25.176694869995117
010437 30.679794311523438
008504 74.06200408935547
011208 117.33332824707031
009154 152.0
008387 152.0
007306 103.04068756103516
000038 110.83333587646484
002773 17.48470115661621
004781 19.798355102539062
008012 52.51759719848633
003494 18.311105728149414
009012 105.270751953125
002315 32.2575569152832
007618 117.33332824707031
006220 20.442222595214844
001194 156.4705810546875
008041 69.25726318359375
004430 13.64377212524414
004770 14.569944381713867
005114 14.5378999710083
010171 81.10993957519531
001613 156.4705810546875
009744 117.33332824707031
002694 17.451744079589844
012211 82.13333129882812
005891 17.798803329467773
006731 71.01909637451172
010806 60.91054153442383
001443 89.72747039794922
006417 28.557458877563477
004815 20.26485252380371
006940 48.494102478027344
007820 117.33332824707031
000325 156.4705810546875
007799 72.71875762939453
001880 44.700469970703125
006530 35.74109649658203
006862 80.55099487304688
002761 18.19795036315918
010725 109.49968719482422
008851 134.3126220703125
010699 117.33332824707031
009223 152.0
000061 8.673230171203613
003611 17.87432861328125
004537 14.775435447692871
004484 15.012544631958008
005359 11.975845336914062
011750 117.33332824707031
012371 13.884970664978027
009794 152.0
001451 156.4705810546875
005050 14.644758224487305
001679 62.95161437988281
003110 17.93126678466797
003253 18.148473739624023
006234 12.448774337768555
001292 36.59748077392578
010540 89.71443939208984
002321 18.15598487854004
009951 117.33332824707031
005657 15.91368293762207
007796 70.64190673828125
003471 17.873764038085938
008160 88.845458984375
002840 33.111995697021484
007948 152.0
008601 152.0
003683 16.7925968170166
008029 97.8857421875
007874 117.33332824707031
009701 45.639984130859375
010233 111.0647201538086
010028 117.33332824707031
002547 17.71626091003418
006354 111.0647201538086
008932 152.0
006070 21.23906135559082
001937 135.52581787109375
008438 152.0
000431 110.83333587646484
003349 18.677608489990234
002820 20.547178268432617
001085 156.4705810546875
010814 104.53665161132812
003233 18.350793838500977
001347 156.4705810546875
005278 13.015000343322754
003116 18.112409591674805
008315 152.0
004460 15.38723087310791
001694 156.4705810546875
010644 111.0647201538086
001345 156.4705810546875
006369 111.0647201538086
001143 139.1088409423828
000011 71.60972595214844
005164 14.539965629577637
012174 22.884916305541992
000809 110.83333587646484
003276 17.58245849609375
006513 63.72750473022461
010897 23.15299415588379
011507 116.60920715332031
008735 152.0
003463 18.23697853088379
011912 29.1396541595459
008644 152.0
001546 156.4705810546875
008876 85.46534729003906
000145 156.4705810546875
001332 156.4705810546875
000498 110.83333587646484
010201 29.66620635986328
011038 115.47101593017578
006180 18.96565055847168
010353 57.511199951171875
007763 67.85282135009766
000335 30.48029899597168
005859 18.745325088500977
004293 13.721856117248535
007797 117.33332824707031
002241 32.27993392944336
010710 117.33332824707031
009869 152.0
005026 51.953125
000386 110.83333587646484
008018 152.0
011422 117.33332824707031
000978 156.4705810546875
007661 44.235103607177734
008073 152.0
002022 156.4705810546875
002122 25.310470581054688
002212 72.48340606689453
005299 15.558305740356445
001706 156.4705810546875
003616 17.183338165283203
005491 16.101930618286133
007376 49.827884674072266
002923 32.85990905761719
001174 156.4705810546875
006545 111.0647201538086
008714 152.0
007739 117.33332824707031
003052 18.256275177001953
005639 16.18967628479004
010023 97.39549255371094
012319 82.13333129882812
005518 16.2308292388916
000195 99.18470001220703
002713 18.078014373779297
003652 16.653274536132812
002439 17.387544631958008
005355 10.622367858886719
012387 19.130456924438477
009933 117.33332824707031
000197 39.81205749511719
004831 15.035954475402832
009948 117.33332824707031
009590 106.10429382324219
005247 14.76773452758789
009891 82.83518981933594
009709 117.33332824707031
009407 117.33332824707031
008412 152.0
009141 112.32447814941406
006367 111.0647201538086
001723 40.847877502441406
000911 221.6666717529297
003552 17.449092864990234
009546 84.0831069946289
008354 152.0
006692 63.4586181640625
003329 17.874256134033203
004485 14.442523002624512
009671 61.415016174316406
009601 117.33332824707031
010697 88.28546905517578
004713 14.039798736572266
005053 14.347289085388184
000997 156.4705810546875
006527 39.661373138427734
004580 14.24129867553711
007347 34.62931823730469
003102 17.844022750854492
000028 19.127321243286133
006009 18.054407119750977
012527 82.13333129882812
006251 19.983320236206055
011649 94.21688842773438
002622 17.135770797729492
005157 15.047463417053223
008573 151.5131378173828
007930 152.0
009791 16.404674530029297
011766 117.33332824707031
011706 117.33332824707031
003027 17.75359344482422
010149 46.03934860229492
002204 108.1668701171875
011894 82.13333129882812
002889 32.33587646484375
008594 152.0
001798 156.4705810546875
000854 221.6666717529297
010449 96.2876968383789
012186 64.65681457519531
003874 16.740581512451172
004379 13.615287780761719
004521 14.527477264404297
005233 14.967875480651855
012339 22.359600067138672
006756 40.68781280517578
010652 111.0647201538086
011139 49.72381591796875
001014 156.4705810546875
004058 17.35744857788086
003974 17.323904037475586
009192 152.0
007582 117.33332824707031
005320 10.716751098632812
009220 99.61212921142578
000384 110.83333587646484
001774 23.541561126708984
007002 62.23332977294922
005298 15.747491836547852
006777 49.746089935302734
001058 40.11607360839844
010001 69.10533905029297
001892 49.18758773803711
000709 110.83333587646484
007869 117.33332824707031
004520 14.985746383666992
007018 125.33460235595703
003586 16.765531539916992
006097 18.459291458129883
006754 89.7493896484375
002064 78.61385345458984
002029 47.766998291015625
003145 18.13015365600586
010098 117.33332824707031
010609 111.0647201538086
011476 117.33332824707031
000446 110.83333587646484
007388 53.95200729370117
004647 14.996121406555176
001029 156.4705810546875
009120 50.53229522705078
011357 117.33332824707031
005327 9.663911819458008
003519 18.568666458129883
000938 221.6666717529297
005187 14.560086250305176
007501 32.77093505859375
009621 88.19615936279297
011987 55.00816345214844
001845 81.04903411865234
008646 152.0
003371 17.933116912841797
011666 117.33332824707031
006268 19.763080596923828
010858 40.58330154418945
010994 35.56284713745117
009771 117.33332824707031
007159 74.06814575195312
001063 156.4705810546875
009502 32.85969543457031
004479 14.890521049499512
002477 18.366931915283203
008780 152.0
002278 27.785797119140625
000462 221.6666717529297
004409 13.690357208251953
003771 17.987241744995117
000724 156.4705810546875
001017 70.64624786376953
004603 13.872278213500977
012055 65.24622344970703
010400 34.756961822509766
005037 14.311604499816895
005176 14.70412826538086
000110 30.237003326416016
002580 17.457975387573242
000501 110.83333587646484
003292 18.118240356445312
009243 152.0
006015 23.15448760986328
011096 117.33332824707031
006724 96.53548431396484
006412 111.0647201538086
001475 156.4705810546875
001973 156.4705810546875
004678 15.036373138427734
007295 23.647953033447266
006570 101.68986511230469
004313 13.48580265045166
007171 35.32585144042969
006981 60.99577331542969
007714 117.33332824707031
011468 117.33332824707031
002273 98.04345703125
005766 14.363486289978027
002218 27.859779357910156
005126 18.75315284729004
006638 142.74801635742188
006567 83.07936096191406
011050 46.75929641723633
012524 82.13333129882812
011973 75.08270263671875
003907 18.49187660217285
011950 82.13333129882812
012525 82.13333129882812
003289 18.373125076293945
008074 25.385066986083984
002612 17.35126304626465
010711 33.790245056152344
010531 86.19216918945312
009880 117.33332824707031
008580 152.0
009369 117.33332824707031
002738 17.768962860107422
000717 61.51295852661133
005123 14.91564655303955
006830 81.240966796875
012134 72.76873016357422
003037 18.50502586364746
009280 152.0
006734 85.86894989013672
002657 17.673583984375
002535 17.971267700195312
011726 117.33332824707031
005317 10.079354286193848
002918 33.53923034667969
007561 117.33332824707031
010030 117.33332824707031
011807 117.33332824707031
004083 17.08765983581543
005421 9.47857666015625
001709 156.4705810546875
001710 63.834877014160156
011313 117.33332824707031
005726 9.164674758911133
001537 33.6976432800293
000370 110.83333587646484
010538 80.96461486816406
007072 59.84221649169922
012155 59.79482650756836
009645 25.417566299438477
005990 18.286409378051758
007236 117.33332824707031
004844 14.35689640045166
000659 221.6666717529297
004405 14.086247444152832
002188 28.29804229736328
006157 20.959409713745117
007607 117.33332824707031
005434 11.48556900024414
005336 11.550230026245117
006325 24.535415649414062
010755 67.365966796875
011952 82.13333129882812
000389 110.83333587646484
008505 76.30493927001953
006388 33.219512939453125
008365 152.0
003722 16.83319854736328
004219 13.41618537902832
004416 13.93519401550293
007909 152.0
003575 17.234691619873047
004209 13.63214111328125
006966 75.03031158447266
007585 41.13363265991211
006906 34.94007873535156
003428 17.867141723632812
008572 50.08329772949219
006704 31.00808334350586
004207 13.37806224822998
001807 156.4705810546875
007491 42.41903305053711
012579 82.13333129882812
005795 19.045921325683594
002489 17.128332138061523
001795 156.4705810546875
012494 82.13333129882812
011320 117.33332824707031
001846 156.4705810546875
009841 34.69200134277344
012289 82.13333129882812
001592 156.4705810546875
007992 40.213340759277344
002436 17.796411514282227
010264 63.961021423339844
010311 37.577510833740234
006711 152.0
009317 117.33332824707031
012203 12.55595874786377
000228 69.48932647705078
010145 27.099971771240234
000866 221.6666717529297
007682 63.034542083740234
006252 19.86203384399414
003306 18.005748748779297
005191 17.08127784729004
002558 18.977802276611328
001736 39.40571975708008
010131 117.5572509765625
001891 156.4705810546875
010971 102.17646789550781
011656 95.57686614990234
004979 14.874491691589355
010063 85.40115356445312
007220 25.40134048461914
008528 138.5211639404297
006562 152.0
005246 14.059591293334961
003531 17.98488998413086
000385 110.83333587646484
007439 117.33332824707031
010637 111.0647201538086
006131 24.623659133911133
003431 17.724994659423828
008905 113.21128845214844
006597 44.149757385253906
008226 152.0
003337 18.043434143066406
011451 117.33332824707031
006802 53.89655303955078
009383 117.33332824707031
011860 83.10467529296875
008577 44.55718994140625
000190 53.1328125
002344 17.667692184448242
001097 156.4705810546875
010012 117.33332824707031
011175 70.40084075927734
011681 117.33332824707031
003077 18.474788665771484
007490 41.68453598022461
007758 65.17952728271484
009693 28.28647232055664
009647 20.951255798339844
003227 17.75849151611328
012490 82.13333129882812
006147 20.67901611328125
009982 19.622400283813477
009352 117.33332824707031
001555 41.748573303222656
000068 156.4705810546875
006907 38.53647232055664
009651 18.924837112426758
003690 17.53389549255371
010636 111.0647201538086
012492 82.13333129882812
003860 16.558523178100586
010412 54.929447174072266
006634 49.79117202758789
012010 82.13333129882812
004448 14.432161331176758
002106 15.029519081115723
004422 13.266061782836914
005115 51.953125
001005 156.4705810546875
002191 28.373476028442383
011970 50.85730743408203
012013 82.13333129882812
006077 110.83333587646484
006920 73.2972183227539
002825 17.820737838745117
009151 84.61914825439453
000967 156.4705810546875
011819 117.33332824707031
012026 82.13333129882812
003624 16.871688842773438
006829 74.03208923339844
003048 17.85280418395996
004594 19.844261169433594
009143 114.58065795898438
005039 20.661773681640625
009065 145.4701385498047
004357 14.037052154541016
008302 152.0
008987 129.93101501464844
008022 83.95700073242188
010705 105.86189270019531
011540 56.178226470947266
002890 33.13387680053711
001678 156.4705810546875
012191 82.13333129882812
004897 15.445267677307129
006310 25.24229621887207
000313 221.6666717529297
003500 17.95199203491211
012296 40.99739074707031
000272 25.783367156982422
005408 9.851160049438477
010773 117.33332824707031
008244 152.0
005092 51.953125
002988 18.248804092407227
010798 45.4815788269043
008378 152.0
008014 58.83086013793945
008894 152.0
004866 16.594947814941406
010608 111.0647201538086
006877 152.0
010129 117.5572509765625
000816 110.83333587646484
005508 15.657339096069336
010529 95.60911560058594
006968 48.908103942871094
005828 20.146413803100586
003294 18.374740600585938
008154 129.5167999267578
004454 15.159788131713867
001235 156.4705810546875
004620 13.835248947143555
009660 20.4472599029541
008730 21.901643753051758
008578 146.10653686523438
008424 152.0
011235 103.00127410888672
007112 97.24430847167969
001514 156.4705810546875
010796 28.710128784179688
008121 69.88524627685547
005673 14.909541130065918
005512 16.117645263671875
009467 117.33332824707031
008167 122.70773315429688
002608 16.81894874572754
009773 117.33332824707031
010393 54.844966888427734
002045 221.6666717529297
005256 13.386080741882324
000120 28.674652099609375
011754 117.33332824707031
005480 15.967419624328613
004937 33.93004608154297
005124 51.953125
005040 16.346576690673828
002817 18.26169776916504
006986 37.32698440551758
001012 156.4705810546875
007098 86.5326156616211
006747 61.13058090209961
005788 17.490060806274414
009515 21.69525909423828
010870 17.569568634033203
004185 13.307043075561523
009480 114.45381927490234
009619 89.1430892944336
007383 45.022010803222656
001296 51.64286804199219
003464 17.902782440185547
000791 110.83333587646484
010535 82.5801773071289
009043 152.0
009578 26.89723777770996
001398 156.4705810546875
001004 156.4705810546875
010547 93.61186981201172
000108 30.31711196899414
010452 93.5932388305664
010503 84.69891357421875
003656 16.953670501708984
007750 88.88385009765625
010891 29.119287490844727
002095 14.258208274841309
006876 140.24447631835938
012485 82.13333129882812
006857 59.69173812866211
010654 102.6220474243164
001490 156.4705810546875
006144 19.489849090576172
002466 18.66938591003418
001913 156.4705810546875
002581 17.725709915161133
002290 28.711368560791016
011674 117.33332824707031
001600 156.4705810546875
003643 16.63570785522461
008103 152.0
000392 110.83333587646484
006923 152.0
000544 221.6666717529297
003346 18.038270950317383
012436 82.13333129882812
011631 33.00315475463867
004644 15.754176139831543
000192 156.4705810546875
001497 156.4705810546875
005805 20.927976608276367
008786 152.0
004705 13.761560440063477
002431 15.98574161529541
011111 117.33332824707031
005063 14.243937492370605
007180 64.63316345214844
009708 28.63541603088379
007088 134.07041931152344
012161 82.13333129882812
004807 51.953125
000486 85.28255462646484
005588 10.3876314163208
008761 152.0
010938 117.33332824707031
002451 17.79612922668457
006317 110.83333587646484
010410 111.0647201538086
004413 13.606403350830078
002913 33.291934967041016
005274 13.731528282165527
007513 107.33358001708984
011933 82.13333129882812
003603 16.661243438720703
008800 30.99799919128418
010839 27.797840118408203
006084 20.60453224182129
002637 16.853425979614258
007808 83.84783935546875
000236 37.73506546020508
006383 111.0647201538086
005618 11.6995267868042
007764 117.33332824707031
007858 117.33332824707031
000628 110.83333587646484
008190 122.29505920410156
009829 35.086097717285156
004362 13.180534362792969
009964 117.33332824707031
012403 82.13333129882812
005913 19.440330505371094
008068 53.35503387451172
006770 61.574337005615234
007212 24.622011184692383
001571 156.4705810546875
005856 19.69822120666504
002083 22.826005935668945
003177 18.366300582885742
002610 16.831546783447266
012564 82.13333129882812
006954 59.28629684448242
011911 56.328392028808594
006921 93.49840545654297
011334 117.33332824707031
010664 111.0647201538086
000859 30.83946990966797
000277 99.45154571533203
002065 156.4705810546875
008446 152.0
007563 37.2391242980957
011486 117.33332824707031
004412 13.758620262145996
011936 76.05590057373047
011449 117.33332824707031
005118 20.687950134277344
001274 156.4705810546875
010846 62.51619338989258
003302 18.050813674926758
011315 117.33332824707031
001482 43.34193801879883
007856 95.3306884765625
008228 84.1761474609375
010417 66.55046081542969
003818 17.60402488708496
007685 18.107683181762695
006142 19.33880615234375
007504 86.46060180664062
008608 152.0
005720 10.088207244873047
002676 17.415842056274414
009247 152.0
000497 110.83333587646484
008087 128.54161071777344
003961 18.158370971679688
001232 156.4705810546875
008618 152.0
002937 33.44940185546875
011751 117.33332824707031
011627 93.54371643066406
006159 20.69428253173828
006312 26.571712493896484
003003 17.899873733520508
005403 11.32111930847168
002991 18.12724494934082
011849 117.33332824707031
008078 152.0
009943 27.24168586730957
008834 152.0
002421 18.12923240661621
008267 152.0
000033 24.49664878845215
000906 221.6666717529297
004638 14.187983512878418
011964 82.13333129882812
004878 51.953125
000631 110.83333587646484
012119 82.13333129882812
006051 18.127775192260742
007917 129.8468780517578
012348 82.13333129882812
006991 86.56476593017578
009907 106.29248809814453
001182 156.4705810546875
005088 14.319382667541504
003506 16.504352569580078
007598 117.33332824707031
004423 13.20698070526123
008316 152.0
012045 22.677383422851562
009006 42.149967193603516
009606 17.75181770324707
010995 29.605501174926758
008371 152.0
000683 221.6666717529297
001658 156.4705810546875
006683 58.670021057128906
005199 18.396333694458008
004402 13.801725387573242
003090 17.830707550048828
009881 117.33332824707031
004992 14.258880615234375
002932 33.445281982421875
010672 111.0647201538086
003065 17.93825340270996
000280 156.4705810546875
002072 40.480712890625
004522 13.48786735534668
012000 65.840576171875
003496 18.36640167236328
011582 32.8864860534668
004035 18.078651428222656
005498 16.033363342285156
009075 152.0
010940 117.33332824707031
000788 110.83333587646484
007868 76.85050964355469
009488 117.33332824707031
006674 98.73797607421875
007033 44.18422317504883
003157 17.740217208862305
009050 152.0
010520 29.413908004760742
006207 18.309850692749023
009855 124.8707046508789
010196 111.0647201538086
000171 156.4705810546875
002110 55.781333923339844
005665 14.65644645690918
010643 111.0647201538086
007326 46.39439010620117
001830 47.152496337890625
004984 51.953125
006464 54.884403228759766
007638 79.45316314697266
008550 126.44539642333984
001674 156.4705810546875
000477 221.6666717529297
010741 117.33332824707031
012159 76.30598449707031
011957 82.13333129882812
012528 82.13333129882812
002683 17.15331268310547
006436 111.0647201538086
011671 117.33332824707031
007082 152.0
001488 47.604122161865234
000863 221.6666717529297
010628 111.0647201538086
000450 221.6666717529297
010501 26.752870559692383
002750 17.25157928466797
011500 108.16268157958984
008711 152.0
007483 41.02214813232422
006465 65.88709259033203
001951 102.35047149658203
007633 103.33627319335938
006624 152.0
002588 17.355770111083984
002651 17.364835739135742
010923 117.33332824707031
011342 30.904632568359375
003779 16.55804443359375
002047 221.6666717529297
003873 16.440832138061523
004777 18.00136947631836
000819 110.83333587646484
004092 16.9106502532959
009359 117.33332824707031
002816 17.10749626159668
000292 57.62221908569336
006622 143.2333221435547
001179 156.4705810546875
009451 117.33332824707031
002041 221.6666717529297
009051 152.0
005809 20.149290084838867
010103 107.38936614990234
006584 67.29881286621094
010255 50.285396575927734
007451 14.531370162963867
006425 111.0647201538086
011270 117.33332824707031
008948 74.6580810546875
009187 152.0
004211 12.77852725982666
000396 110.83333587646484
000547 221.6666717529297
007257 58.66415023803711
009613 31.45547103881836
009235 50.48356246948242
004529 13.252495765686035
007660 117.33332824707031
007691 54.53561782836914
000257 9.777559280395508
005743 13.77798080444336
004595 15.372657775878906
008310 152.0
005613 11.675193786621094
005697 10.540963172912598
012060 82.13333129882812
007361 62.314395904541016
008879 152.0
007508 86.91798400878906
000354 38.44487762451172
010914 54.881126403808594
005136 14.713947296142578
000254 156.4705810546875
006625 67.2801742553711
002221 26.615760803222656
011255 46.61214065551758
010689 111.0647201538086
007631 117.33332824707031
007928 43.942100524902344
008847 55.93729019165039
003384 18.331525802612305
009311 18.642894744873047
001150 156.4705810546875
002660 17.463905334472656
004356 14.002737998962402
006243 19.421228408813477
006240 110.83333587646484
004061 17.104766845703125
009299 152.0
002679 17.576536178588867
006525 16.12162971496582
007866 117.33332824707031
006287 22.117944717407227
009658 28.508169174194336
006983 144.21775817871094
012418 82.13333129882812
003409 18.35930633544922
009456 117.33332824707031
011667 117.33332824707031
001418 156.4705810546875
005527 15.514471054077148
000983 156.4705810546875
003042 18.053024291992188
010766 41.37770462036133
003509 18.25018882751465
010289 111.0647201538086
003746 17.004962921142578
007338 27.210439682006836
002711 17.453123092651367
000480 221.6666717529297
001231 156.4705810546875
011786 117.33332824707031
012578 82.13333129882812
006539 111.0647201538086
012529 82.13333129882812
011830 117.33332824707031
004205 13.331337928771973
001648 156.4705810546875
002720 18.058406829833984
011596 72.629638671875
002227 110.83333587646484
004496 15.020051956176758
012101 82.13333129882812
010679 111.0647201538086
012562 82.13333129882812
012606 64.6698226928711
009092 67.75923919677734
011433 58.865596771240234
006859 104.29631805419922
006717 91.1272201538086
009418 117.33332824707031
011809 117.33332824707031
001708 140.80555725097656
005111 18.452709197998047
006029 20.55657958984375
012565 82.13333129882812
004704 13.751163482666016
002573 17.56206512451172
006404 111.0647201538086
011939 71.15264892578125
002740 17.447399139404297
005324 9.967588424682617
001933 156.4705810546875
005564 10.470525741577148
009700 61.58419418334961
006374 111.0647201538086
007863 11.462265014648438
004915 14.684547424316406
004476 13.973976135253906
003282 17.526384353637695
006364 12.943717002868652
003795 17.22003746032715
000881 221.6666717529297
002496 19.225688934326172
003663 16.796415328979492
003798 16.682401657104492
000305 110.83333587646484
006900 129.91920471191406
007786 57.10122299194336
011007 38.57448959350586
000232 156.4705810546875
005584 11.115827560424805
008821 136.1787567138672
007688 86.80724334716797
007375 64.02728271484375
011383 117.33332824707031
001570 156.4705810546875
000368 110.83333587646484
001825 156.4705810546875
005339 10.331242561340332
004894 14.541291236877441
010081 117.33332824707031
000062 36.85798263549805
005279 13.35118579864502
002956 43.645931243896484
003931 17.654695510864258
007272 28.846323013305664
010175 62.647945404052734
012413 24.978261947631836
012604 82.13333129882812
007097 43.17374038696289
003760 17.342796325683594
001884 50.8831672668457
001506 156.4705810546875
010249 65.93653106689453
005222 14.37396240234375
004586 14.250778198242188
010408 78.10236358642578
010067 30.20001983642578
009818 64.21006774902344
011379 117.33332824707031
005753 15.676557540893555
007568 117.33332824707031
008906 152.0
012377 13.103678703308105
011643 44.47846603393555
005183 25.996736526489258
007390 117.33332824707031
003558 18.503812789916992
002837 33.35327911376953
008988 31.994308471679688
004382 13.030986785888672
004166 13.48000431060791
003115 18.231204986572266
002337 17.839426040649414
001110 156.4705810546875
012116 82.13333129882812
004962 15.329428672790527
011371 100.72016906738281
008468 152.0
000687 221.6666717529297
008960 152.0
012122 82.13333129882812
004686 13.605062484741211
005148 14.613850593566895
002197 28.715543746948242
010111 117.33332824707031
006012 18.42824935913086
007064 130.7281951904297
002786 17.206045150756836
006730 43.08631896972656
011186 117.33332824707031
000855 64.49210357666016
003512 18.375463485717773
009121 38.10240173339844
011580 29.09363555908203
007178 33.16694259643555
008289 152.0
006334 31.80650520324707
002554 17.480148315429688
008519 63.66172409057617
004829 16.386348724365234
008710 35.86278533935547
010349 50.98600769042969
007915 152.0
008924 152.0
007780 33.250518798828125
003073 18.095413208007812
004285 13.371427536010742
001822 156.4705810546875
007135 152.0
004611 14.175811767578125
001419 156.4705810546875
003113 17.97933006286621
000318 156.4705810546875
007531 19.07589340209961
010965 48.9476203918457
002176 77.23519134521484
010874 34.63541793823242
010422 52.65192794799805
006494 111.0647201538086
012508 51.289249420166016
007769 117.33332824707031
002635 17.300119400024414
010011 117.33332824707031
006013 18.23125648498535
008841 26.700769424438477
005878 20.812345504760742
006438 111.0647201538086
000955 156.4705810546875
011248 117.33332824707031
008003 43.62174987792969
006841 39.2216911315918
001548 156.4705810546875
002452 18.180988311767578
003171 18.057695388793945
002305 26.99129867553711
006324 24.903139114379883
007433 101.16236877441406
009692 51.978919982910156
012298 48.59452819824219
007461 9.388402938842773
011530 117.33332824707031
001162 156.4705810546875
003415 17.957735061645508
007643 105.17317199707031
009641 13.558616638183594
009792 117.33332824707031
007299 38.72123336791992
001805 156.4705810546875
000102 30.17120933532715
006951 152.0
007997 33.776641845703125
010871 104.92435455322266
008335 152.0
010542 83.20957946777344
001634 143.67440795898438
007634 25.648780822753906
011465 117.33332824707031
003148 17.895185470581055
002633 17.76051139831543
006122 51.982418060302734
002666 17.266407012939453
007865 10.803997993469238
002274 33.07640838623047
011278 117.33332824707031
002944 33.298484802246094
006368 111.0647201538086
005154 14.28718090057373
000094 31.08123016357422
006963 152.0
011473 117.33332824707031
008107 152.0
004718 13.761381149291992
011904 82.13333129882812
010921 117.33332824707031
005423 10.329654693603516
004079 17.175498962402344
011121 117.33332824707031
006418 111.0647201538086
009295 152.0
000503 110.83333587646484
010297 111.0647201538086
004199 13.71272087097168
008194 39.87492752075195
000264 221.6666717529297
003439 17.941326141357422
007911 152.0
001836 156.4705810546875
005479 16.05032730102539
008866 135.26901245117188
002895 32.972774505615234
005244 51.953125
002565 17.923789978027344
012522 82.13333129882812
007134 152.0
000122 30.32866859436035
008541 152.0
001793 156.4705810546875
003225 18.949254989624023
001350 156.4705810546875
008333 152.0
004715 13.841694831848145
001721 45.00197982788086
001578 156.4705810546875
008051 104.25689697265625
001657 156.4705810546875
003230 18.19065284729004
006301 20.33470916748047
007570 117.33332824707031
004431 13.072829246520996
007241 47.524227142333984
007642 103.32042694091797
001715 156.4705810546875
011127 117.33332824707031
008574 152.0
012394 11.484883308410645
010586 37.36271667480469
000753 110.83333587646484
009570 39.12080001831055
009965 117.33332824707031
000097 30.181747436523438
006314 27.046327590942383
011018 41.72509002685547
011266 117.33332824707031
005419 10.021854400634766
001228 156.4705810546875
008994 152.0
008440 152.0
011081 19.583114624023438
001888 54.01670455932617
001517 14.563972473144531
011304 117.33332824707031
000406 110.83333587646484
011946 76.43054962158203
009636 29.55982208251953
002118 25.32488250732422
009170 34.187320709228516
005481 16.00131607055664
004321 13.226463317871094
000366 110.83333587646484
003997 16.82036590576172
011934 82.13333129882812
003112 18.69166374206543
003491 18.27522850036621
001921 156.4705810546875
006677 152.0
008591 152.0
001074 156.4705810546875
004315 13.374361038208008
010635 111.0647201538086
011314 117.33332824707031
011150 49.86560821533203
009683 26.04423713684082
009563 61.30540466308594
009722 117.33332824707031
007035 152.0
010384 111.0647201538086
007936 152.0
008200 51.566402435302734
009534 29.208158493041992
006866 38.475154876708984
008418 152.0
000184 55.49251937866211
012104 79.58651733398438
003296 17.971384048461914
000941 221.6666717529297
012300 82.13333129882812
012543 82.13333129882812
004914 14.662009239196777
001114 156.4705810546875
006257 19.92705726623535
000555 110.83333587646484
002402 18.35979652404785
004063 16.933717727661133
004390 13.864747047424316
007980 147.91436767578125
004246 13.66119384765625
000768 110.83333587646484
010977 81.0098876953125
006200 17.143741607666016
001468 47.70000076293945
007252 64.95832824707031
009292 48.99477005004883
004739 13.795819282531738
000148 221.6666717529297
011660 117.33332824707031
012043 44.346073150634766
008593 152.0
008915 49.77246856689453
004204 13.667564392089844
007649 93.81002807617188
011759 117.33332824707031
011541 46.932193756103516
004269 13.543230056762695
010911 117.33332824707031
003420 18.638147354125977
006139 18.628971099853516
003381 17.959333419799805
005287 15.43634033203125
000914 221.6666717529297
000438 110.83333587646484
003448 17.89481544494629
003764 17.227758407592773
001113 107.4307632446289
006201 17.71946144104004
000015 65.80538940429688
011565 79.32333374023438
012452 82.13333129882812
000369 110.83333587646484
004887 51.953125
011281 117.33332824707031
004838 51.953125
002924 33.62252426147461
008348 152.0
007972 59.41193389892578
011034 110.90824127197266
000652 110.83333587646484
003019 18.56755256652832
007860 117.33332824707031
004358 13.90748405456543
004052 17.335819244384766
001094 156.4705810546875
005009 51.953125
004737 13.67173957824707
002578 17.3591251373291
010050 71.24166870117188
011695 117.33332824707031
008362 32.568702697753906
006653 55.41977310180664
006129 84.9011001586914
000805 110.83333587646484
011586 65.8338394165039
006219 20.761920928955078
008839 152.0
000979 156.4705810546875
007542 28.65713882446289
009367 83.00065612792969
004259 13.232532501220703
009535 35.592247009277344
010973 117.33332824707031
011246 117.33332824707031
005506 15.625347137451172
010338 82.00052642822266
002418 17.001779556274414
007684 117.33332824707031
009514 46.87080383300781
000036 30.393407821655273
010107 117.33332824707031
007066 152.0
007237 50.13594055175781
006999 77.2625961303711
004655 18.096538543701172
004710 14.376541137695312
009828 69.7230224609375
010902 94.29508972167969
012463 82.13333129882812
001622 156.4705810546875
002746 17.09516143798828
006632 27.380783081054688
001995 156.4705810546875
002163 28.86870765686035
010851 34.84864807128906
011475 117.33332824707031
007146 152.0
000690 88.68817138671875
009101 84.04621887207031
004450 14.849563598632812
010641 111.0647201538086
008753 135.68228149414062
000017 36.86728286743164
002174 28.758516311645508
003753 16.724294662475586
005899 16.578365325927734
004684 13.732059478759766
000365 110.83333587646484
000759 110.83333587646484
009749 91.04854583740234
011072 52.13663101196289
006076 110.83333587646484
007221 43.69169616699219
005916 20.170225143432617
003273 17.883424758911133
001226 156.4705810546875
010153 117.5572509765625
003659 16.710485458374023
009326 117.33332824707031
004361 13.06324291229248
000653 110.83333587646484
005033 14.534357070922852
005654 16.145143508911133
007404 41.20634078979492
000132 16.38970947265625
008132 62.106143951416016
006616 102.68387603759766
009576 117.33332824707031
011467 117.33332824707031
005071 14.51183032989502
004406 13.461588859558105
000138 27.13253402709961
009335 70.05409240722656
007755 30.846893310546875
008015 80.29857635498047
010027 117.33332824707031
007250 27.29621124267578
012111 82.13333129882812
009481 55.4799690246582
007678 42.080806732177734
004847 14.228020668029785
001733 156.4705810546875
008461 152.0
010335 111.0647201538086
004447 14.025808334350586
003220 18.186080932617188
009483 43.52522659301758
008807 94.30966186523438
006182 18.19195556640625
011550 44.691959381103516
000823 110.83333587646484
008410 25.901573181152344
002423 17.565574645996094
011286 117.33332824707031
001760 156.4705810546875
005550 9.795570373535156
010209 31.912879943847656
008361 26.41184425354004
001974 156.4705810546875
001105 156.4705810546875
003039 18.165569305419922
009785 24.3143367767334
006270 20.918519973754883
006254 20.548885345458984
003994 16.740055084228516
008690 152.0
008425 142.70155334472656
001007 156.4705810546875
010840 34.17855453491211
006845 46.8995475769043
000725 62.954288482666016
006636 152.0
005978 70.94174194335938
000472 221.6666717529297
000215 110.83333587646484
002771 17.61381721496582
009995 117.33332824707031
005270 13.414878845214844
003625 16.986967086791992
009472 117.33332824707031
000984 156.4705810546875
012535 82.13333129882812
010430 111.0647201538086
003275 17.971542358398438
000975 156.4705810546875
010508 58.16713333129883
002684 17.522598266601562
011976 59.388816833496094
001441 46.011417388916016
012317 11.584288597106934
003660 17.80174446105957
006890 52.563270568847656
001583 156.4705810546875
002678 17.467914581298828
006450 111.0647201538086
005574 11.58979606628418
000380 110.83333587646484
000777 110.83333587646484
009283 152.0
000353 33.67647933959961
001702 69.08655548095703
010405 82.60381317138672
004934 14.550095558166504
011204 117.33332824707031
003838 16.517160415649414
005000 51.953125
012315 82.13333129882812
006590 35.80094909667969
009694 41.74139404296875
008653 152.0
009894 117.33332824707031
006124 27.380565643310547
001410 156.4705810546875
006437 111.0647201538086
007185 126.8820571899414
008048 149.761962890625
003074 18.25486183166504
008404 152.0
011268 117.33332824707031
009490 27.987398147583008
009603 42.58585739135742
000284 221.6666717529297
007092 152.0
001164 156.4705810546875
003001 18.15800666809082
001618 156.4705810546875
003407 18.42511749267578
011545 30.968860626220703
011008 43.940792083740234
002319 13.11383056640625
004590 13.767341613769531
002927 32.86817932128906
005020 51.953125
009248 152.0
002597 17.52012062072754
004287 13.607609748840332
007357 36.904563903808594
007105 66.33378601074219
011269 117.33332824707031
010892 96.00872802734375
006280 22.3900146484375
003545 18.386262893676758
000374 110.83333587646484
008626 152.0
000031 21.881837844848633
003905 17.21404457092285
001875 156.4705810546875
002716 17.270044326782227
012343 35.027099609375
006294 110.83333587646484
001051 43.25551986694336
010676 111.0647201538086
003521 18.102214813232422
010038 116.2360610961914
010395 111.05752563476562
003736 17.223243713378906
003935 17.531648635864258
009548 79.12107849121094
007123 152.0
008922 70.32675170898438
003408 18.25470542907715
007104 109.19159698486328
002699 17.0581111907959
010707 52.12423324584961
007063 152.0
007596 61.08104705810547
006541 36.492366790771484
011646 65.50373077392578
005260 13.1895170211792
011247 117.33332824707031
000311 221.6666717529297
010790 52.50542068481445
008576 50.83092498779297
008549 152.0
001716 36.88304901123047
010197 64.90811920166016
002546 17.783493041992188
009262 140.09060668945312
002528 18.263803482055664
010660 111.0647201538086
008796 106.76638793945312
007537 22.36376953125
004601 20.561195373535156
009629 87.4290771484375
006423 110.28449249267578
008151 78.76490020751953
002151 31.335237503051758
002778 17.355127334594727
003792 16.705636978149414
001993 156.4705810546875
004702 14.01312255859375
007899 152.0
001032 156.4705810546875
010929 117.33332824707031
007571 90.0956039428711
006010 18.315021514892578
002983 17.622556686401367
010170 25.273794174194336
011353 117.33332824707031
010235 111.0647201538086
002791 17.44841766357422
002691 17.80315589904785
004995 14.691417694091797
001691 156.4705810546875
002603 17.388347625732422
003360 18.55167579650879
003095 19.002927780151367
008065 46.258216857910156
000784 110.83333587646484
000693 221.6666717529297
010560 76.15808868408203
003338 17.968875885009766
011064 100.3036117553711
002806 17.3353328704834
001016 102.3984375
002864 31.878150939941406
002004 156.4705810546875
012107 82.13333129882812
003387 18.043350219726562
000074 101.82707214355469
008220 139.0697784423828
008443 152.0
003490 18.047014236450195
007460 101.45996856689453
005949 27.201900482177734
003829 16.605804443359375
000848 221.6666717529297
009529 28.148359298706055
011590 66.39906311035156
002304 26.66029930114746
007251 64.29774475097656
008918 152.0
007500 26.93522834777832
001932 156.4705810546875
012242 82.13333129882812
010854 20.711870193481445
010950 117.33332824707031
009400 86.0589599609375
012312 68.94073486328125
002032 156.4705810546875
002818 21.19804573059082
008940 152.0
006903 152.0
010051 82.17670440673828
005555 12.232294082641602
004289 13.563064575195312
011366 57.1466178894043
008231 88.27372741699219
011743 96.41276550292969
005097 14.53799057006836
009908 117.33332824707031
007539 19.879207611083984
004055 17.053871154785156
000626 110.83333587646484
008927 36.59897994995117
011009 42.144142150878906
009202 152.0
006379 56.381004333496094
006719 127.6156234741211
012542 82.13333129882812
010997 34.613563537597656
009333 117.33332824707031
005604 9.996806144714355
001042 156.4705810546875
003988 18.88319969177246
003584 17.43644142150879
004082 17.10477638244629
010602 111.0647201538086
007730 117.33332824707031
000930 221.6666717529297
006121 70.20402526855469
004025 17.144428253173828
004222 13.594120979309082
002563 18.870012283325195
004329 13.802347183227539
000056 156.4705810546875
009499 25.683225631713867
009302 152.0
008141 55.64984893798828
008571 152.0
010681 111.0647201538086
009793 56.80989074707031
010483 104.84690856933594
001859 156.4705810546875
006293 110.83333587646484
009871 48.41815948486328
003717 17.18010902404785
008642 152.0
000419 110.83333587646484
003010 17.982467651367188
003072 18.29572105407715
008990 46.94599533081055
000209 110.83333587646484
011821 117.33332824707031
012361 82.13333129882812
008516 152.0
007811 100.27848052978516
012164 82.13333129882812
003298 17.774572372436523
006575 42.292964935302734
003183 17.745241165161133
009632 39.431396484375
008635 152.0
008196 45.455902099609375
010206 89.20201873779297
004974 14.4332857131958
009022 36.25291061401367
003566 18.225326538085938
008026 95.01264953613281
010787 50.929283142089844
004903 14.813363075256348
000865 221.6666717529297
010900 30.281909942626953
005556 12.22746753692627
004036 17.3262996673584
006713 152.0
002579 18.139617919921875
003063 17.807235717773438
000895 12.66506290435791
002192 28.785762786865234
002759 17.638107299804688
010378 102.29229736328125
007462 15.385002136230469
008539 152.0
012554 82.13333129882812
007419 14.463190078735352
009919 121.39637756347656
011462 117.33332824707031
004325 13.507522583007812
001778 22.8634090423584
011343 117.33332824707031
006318 26.74539566040039
001124 156.4705810546875
002373 18.629348754882812
000495 110.83333587646484
008551 152.0
010848 23.38563346862793
000117 29.90481185913086
005762 15.329744338989258
001411 156.4705810546875
002181 28.417421340942383
000140 26.902549743652344
000804 35.893943786621094
007850 117.33332824707031
003597 17.8373966217041
010830 55.24463653564453
008707 152.0
003763 16.349519729614258
012327 34.265438079833984
006852 36.78398895263672
005904 17.80824851989746
000263 76.47986602783203
010648 111.0647201538086
001367 156.4705810546875
004065 17.111753463745117
001927 142.82601928710938
009561 32.08174514770508
008815 152.0
000314 221.6666717529297
011223 83.8523941040039
006760 69.21844482421875
010991 117.33332824707031
009838 85.01201629638672
007164 48.014366149902344
009437 58.576751708984375
011698 73.59449768066406
010049 93.82909393310547
012341 33.09223175048828
011036 117.33332824707031
002526 17.90636444091797
007706 109.88480377197266
011962 82.13333129882812
009846 152.0
007502 33.77391815185547
009595 117.33332824707031
008694 150.58432006835938
001340 156.4705810546875
009415 48.28601837158203
001960 156.4705810546875
002524 18.326366424560547
005834 21.71979331970215
008082 152.0
006805 115.65937042236328
012066 82.13333129882812
006081 61.849021911621094
009501 27.441247940063477
001435 156.4705810546875
007456 117.33332824707031
004301 13.121919631958008
002729 17.499570846557617
000152 221.6666717529297
003180 18.06563377380371
011982 18.901748657226562
003888 17.652496337890625
002728 17.337331771850586
005777 20.871522903442383
008102 152.0
010885 40.37833786010742
006277 23.108978271484375
001640 156.4705810546875
012468 82.13333129882812
004452 15.386003494262695
008904 45.32106018066406
009511 81.38623046875
005637 28.33185577392578
003147 18.216981887817383
011351 117.33332824707031
002799 17.44237518310547
007884 42.27016830444336
012570 82.13333129882812
005771 16.644563674926758
010125 117.33332824707031
010238 87.455322265625
001317 156.4705810546875
002471 18.92706871032715
008509 83.94840240478516
012438 61.477684020996094
005612 11.509002685546875
011328 117.33332824707031
005554 20.125553131103516
008258 152.0
003278 17.666345596313477
009315 79.73775482177734
004911 18.1502742767334
002831 18.864070892333984
003417 17.603105545043945
001549 156.4705810546875
011264 117.33332824707031
003574 17.62411117553711
004267 13.606489181518555
003719 16.489599227905273
006564 42.43217849731445
005072 14.36619758605957
006980 152.0
005328 9.984859466552734
005023 14.586257934570312
010106 117.33332824707031
006939 152.0
006504 111.0647201538086
004583 13.962211608886719
002030 50.03933334350586
007984 152.0
002193 28.51789665222168
003707 17.97026252746582
008150 130.16946411132812
011536 30.71175193786621
006419 111.0647201538086
010696 117.33332824707031
012095 82.13333129882812
008950 95.58641052246094
002160 28.215105056762695
006245 19.334863662719727
008685 152.0
000160 221.6666717529297
004113 17.196496963500977
003076 18.173362731933594
002664 17.118343353271484
003975 17.754674911499023
010941 117.33332824707031
005526 15.586545944213867
001979 156.4705810546875
000281 156.4705810546875
006832 49.34446716308594
006646 114.41366577148438
008037 81.33055877685547
002076 156.4705810546875
007824 117.33332824707031
011046 91.25028991699219
008171 123.9280776977539
012334 82.13333129882812
001680 156.4705810546875
009550 35.682376861572266
004464 14.120931625366211
005446 20.131074905395508
007632 16.21738052368164
002071 156.4705810546875
008713 152.0
002626 17.173063278198242
006444 111.0647201538086
010924 117.33332824707031
007444 88.15936279296875
010133 78.83000946044922
010431 90.16041564941406
009748 117.22250366210938
001923 156.4705810546875
007616 117.33332824707031
008508 152.0
008001 47.597110748291016
011529 117.33332824707031
011625 107.25076293945312
012183 23.726179122924805
004694 13.990202903747559
003525 18.294404983520508
010119 117.33332824707031
002236 29.767040252685547
005632 14.991448402404785
012622 82.13333129882812
008044 63.82514572143555
003084 18.15381622314453
006285 101.1294937133789
003686 16.998096466064453
001838 27.947328567504883
011283 117.33332824707031
009142 152.0
009788 47.14210510253906
005687 10.442046165466309
001510 156.4705810546875
009361 117.33332824707031
001957 88.11112213134766
005184 14.096150398254395
006553 55.84035873413086
002917 32.73555374145508
012590 59.74549102783203
011373 107.96210479736328
000622 221.6666717529297
000787 110.83333587646484
012426 82.13333129882812
012109 82.13333129882812
004130 17.36387062072754
009269 151.9788360595703
004676 14.494248390197754
010876 40.398868560791016
010956 31.28856658935547
007402 35.553985595703125
006710 72.56207275390625
000323 156.4705810546875
003231 17.991662979125977
007333 42.027889251708984
010269 60.996639251708984
006975 152.0
012617 72.48458099365234
004926 14.639098167419434
011108 117.33332824707031
010849 11.733357429504395
002670 17.216236114501953
010380 76.89534759521484
007985 133.03282165527344
008564 152.0
006922 152.0
003067 17.85487937927246
002134 25.463544845581055
007318 74.99153900146484
006680 147.90472412109375
003126 18.344926834106445
002008 156.4705810546875
007951 104.10443878173828
006987 44.70924377441406
005458 15.74521541595459
010424 78.67973327636719
011689 117.33332824707031
005204 51.953125
005241 51.953125
010992 117.33332824707031
002488 18.598649978637695
002961 32.855224609375
005127 14.503183364868164
007154 71.6495132446289
011577 38.52275085449219
001557 59.59077453613281
008627 91.1976318359375
007378 39.663150787353516
006740 68.944580078125
011346 117.33332824707031
009190 87.02472686767578
009689 82.61486053466797
001745 40.039703369140625
003348 18.425355911254883
004007 16.864309310913086
010000 117.33332824707031
003590 20.38371467590332
008595 152.0
006611 111.64930725097656
006315 26.64187240600586
011523 117.33332824707031
001852 156.4705810546875
005353 11.116374015808105
002450 18.353376388549805
001031 156.4705810546875
005572 10.534271240234375
011607 24.914831161499023
001501 156.4705810546875
010826 39.28304672241211
005925 18.972536087036133
000541 221.6666717529297
009199 152.0
002214 27.955398559570312
005652 16.01292610168457
007961 74.84529113769531
004845 51.953125
000828 110.83333587646484
002741 17.719783782958984
010785 17.42501449584961
003356 18.29193687438965
003633 16.387224197387695
005306 9.572141647338867
003188 18.912565231323242
004420 13.5914306640625
010392 31.812320709228516
006630 69.38600158691406
002105 18.651676177978516
000852 221.6666717529297
003640 16.810216903686523
010180 65.30035400390625
007905 152.0
009351 117.33332824707031
011935 82.13333129882812
011883 68.54557800292969
001438 156.4705810546875
009523 21.046096801757812
009560 35.17721176147461
004669 18.157447814941406
006948 63.51564407348633
001339 156.4705810546875
007210 25.979999542236328
003438 17.492441177368164
009071 64.49402618408203
008823 48.215599060058594
006297 53.718502044677734
003748 16.774192810058594
003725 16.634504318237305
006352 111.0647201538086
011708 117.33332824707031
002243 32.620216369628906
002876 110.83333587646484
002368 16.166318893432617
000049 156.4705810546875
007024 86.1138687133789
009940 117.33332824707031
005723 10.340987205505371
006218 21.33222198486328
001907 156.4705810546875
001158 156.4705810546875
006652 37.30608367919922
007673 72.51656341552734
000106 30.504793167114258
003878 18.704544067382812
003207 18.25830078125
007023 148.24404907226562
004198 13.486074447631836
003684 17.814525604248047
008722 53.23322296142578
000769 110.83333587646484
004506 14.442571640014648
010325 111.0647201538086
002985 18.038911819458008
003497 18.09682273864746
002427 17.71051788330078
000611 221.6666717529297
006433 25.192626953125
011882 82.13333129882812
005196 14.438966751098633
002762 17.22661018371582
008945 102.70195770263672
000155 78.32076263427734
008023 82.11461639404297
005969 30.245147705078125
011978 60.60914993286133
007798 117.33332824707031
009856 51.41777420043945
002382 17.12518882751465
010677 111.0647201538086
003079 17.794687271118164
009305 152.0
006118 19.261642456054688
006533 76.52989959716797
008089 152.0
005225 14.884328842163086
001607 156.4705810546875
005238 14.3196382522583
007364 29.153060913085938
009812 30.106754302978516
011397 117.33332824707031
004215 13.424917221069336
011729 117.33332824707031
002240 31.169673919677734
008873 79.2555923461914
008126 48.117218017578125
011853 117.33332824707031
006359 35.35275650024414
002154 26.867115020751953
002824 17.82084083557129
009776 117.33332824707031
007877 71.37017822265625
004075 17.462717056274414
001599 156.4705810546875
000925 221.6666717529297
004197 13.48657512664795
001259 156.4705810546875
007068 152.0
007583 87.22251892089844
009676 21.834108352661133
011561 82.96543884277344
003647 17.694169998168945
008944 44.60103988647461
008998 152.0
011444 117.33332824707031
007321 48.396270751953125
002016 156.4705810546875
012592 82.13333129882812
006985 89.78579711914062
011972 48.21516799926758
005014 18.542407989501953
001390 156.4705810546875
009675 15.577610969543457
002289 31.013704299926758
001799 156.4705810546875
000187 40.63811492919922
004121 17.45305824279785
003453 18.074893951416016
007301 30.781295776367188
000142 29.964277267456055
005163 14.37450122833252
002082 55.41666793823242
001163 156.4705810546875
003355 18.117290496826172
004151 17.187877655029297
006203 22.7470645904541
009961 18.572935104370117
000843 221.6666717529297
008045 152.0
006864 54.82972717285156
007965 60.00519943237305
010485 111.0647201538086
005790 17.81949234008789
001472 156.4705810546875
007606 117.33332824707031
010881 40.95868682861328
009109 48.21875
010795 106.05299377441406
006103 18.831403732299805
002356 17.880210876464844
007358 32.11995315551758
001740 52.353755950927734
004970 14.34353256225586
005105 51.953125
009236 46.323909759521484
000129 32.591758728027344
009219 62.821834564208984
011632 88.1124496459961
005791 17.696399688720703
003671 17.592302322387695
005571 9.7272310256958
008649 152.0
003555 18.25909423828125
000016 54.64248275756836
001084 156.4705810546875
007397 40.57835388183594
009500 26.94200325012207
007752 49.10224914550781
010475 36.18111801147461
007046 152.0
007225 47.73746871948242
008373 152.0
004756 14.526851654052734
003788 17.54867172241211
005240 13.991899490356445
002055 221.6666717529297
003405 18.25809097290039
005752 15.380392074584961
011489 72.2857437133789
008544 152.0
004507 15.106584548950195
012141 82.13333129882812
006485 111.0647201538086
004906 15.619874954223633
012011 82.13333129882812
011427 117.33332824707031
011914 57.951995849609375
000055 156.4705810546875
000059 156.4705810546875
005880 20.7800350189209
000428 110.83333587646484
009175 152.0
010735 117.33332824707031
007738 117.33332824707031
010934 117.33332824707031
009420 117.33332824707031
001160 156.4705810546875
002401 17.2451229095459
004069 17.4447021484375
006783 116.63057708740234
000169 59.61043167114258
008064 57.71738052368164
008986 152.0
011417 117.33332824707031
007593 117.33332824707031
005054 14.793893814086914
012624 73.50279998779297
010421 92.85172271728516
010750 13.76014518737793
010788 43.168338775634766
008895 152.0
011808 117.33332824707031
010167 59.92013931274414
010193 111.0647201538086
007200 31.66823959350586
001425 156.4705810546875
004774 14.592092514038086
005173 14.784032821655273
003492 18.21153450012207
009052 70.46686553955078
003350 18.969837188720703
009830 43.797367095947266
011942 82.13333129882812
007789 81.82373046875
004851 15.02501106262207
012033 82.13333129882812
006610 152.0
003542 17.78374671936035
007201 31.778764724731445
002500 18.07285499572754
003059 18.1989688873291
012196 82.13333129882812
008868 152.0
007017 55.5778923034668
005541 9.5098876953125
004929 51.953125
003238 18.485244750976562
006874 33.6945915222168
009102 50.3638916015625
001265 110.83333587646484
008097 39.91765594482422
009447 117.33332824707031
000552 221.6666717529297
010794 91.39146423339844
005473 15.336589813232422
003964 16.859455108642578
008903 152.0
003060 18.490629196166992
009549 83.3759765625
007498 76.86709594726562
012455 82.13333129882812
002688 17.156566619873047
000339 110.83333587646484
000253 156.4705810546875
011145 47.9609375
008161 130.3346710205078
000936 221.6666717529297
005245 14.205820083618164
009198 41.734413146972656
011341 74.75204467773438
002388 17.820533752441406
006955 152.0
003693 16.817380905151367
008581 152.0
002504 17.646459579467773
004456 15.203171730041504
004081 17.094799041748047
006132 17.575647354125977
002297 110.83333587646484
005182 14.935317993164062
007674 113.3620834350586
008720 152.0
011871 117.33332824707031
000702 110.83333587646484
007663 57.109954833984375
009691 64.51579284667969
006174 19.233556747436523
001919 156.4705810546875
003718 17.119211196899414
007007 152.0
010291 82.30586242675781
000180 118.2075424194336
004959 51.953125
011700 117.33332824707031
003523 18.268190383911133
012589 73.48762512207031
009504 44.29945755004883
001801 156.4705810546875
001432 156.4705810546875
002052 221.6666717529297
009896 87.3732681274414
012295 82.13333129882812
010464 103.06427001953125
004510 14.744080543518066
005139 51.953125
001211 156.4705810546875
000050 156.4705810546875
005025 51.953125
000969 156.4705810546875
009787 25.326852798461914
001729 156.4705810546875
009377 117.33332824707031
001948 84.33786010742188
003572 16.859174728393555
011129 117.33332824707031
000150 221.6666717529297
004306 13.592616081237793
012544 29.352680206298828
002131 26.39075469970703
009945 22.983285903930664
006924 100.27172088623047
004045 16.69403839111328
011429 53.65913391113281
002636 16.81234359741211
011778 117.33332824707031
002902 33.69314193725586
007696 114.81753540039062
001864 145.2921905517578
005294 15.617877960205078
010480 111.0647201538086
005371 10.998424530029297
006402 15.171907424926758
002939 32.91731643676758
004719 13.806913375854492
001072 156.4705810546875
004685 13.896829605102539
011265 117.33332824707031
012620 53.05002212524414
002177 28.077014923095703
001103 156.4705810546875
004469 14.724549293518066
002562 17.613208770751953
000067 35.280296325683594
006469 111.0647201538086
004190 13.793594360351562
006311 102.65697479248047
009816 41.46030807495117
000670 221.6666717529297
003772 16.80802345275879
004753 14.618242263793945
002766 17.61738395690918
003658 17.34840965270996
002090 11.563838958740234
005019 14.590296745300293
008957 152.0
006149 20.438146591186523
008532 118.73784637451172
009259 152.0
004012 17.18227195739746
012193 38.95304489135742
002659 17.178476333618164
002848 32.784645080566406
004465 17.84064292907715
011842 117.33332824707031
012382 82.13333129882812
000743 110.83333587646484
011349 41.70799255371094
011636 117.33332824707031
003675 17.048660278320312
004527 13.816132545471191
011629 29.777223587036133
003714 16.809566497802734
002441 18.24037742614746
002445 17.410369873046875
008195 43.096641540527344
011802 117.33332824707031
012258 19.095481872558594
009876 117.33332824707031
003786 16.496774673461914
004543 13.499530792236328
006475 24.96980094909668
000706 110.83333587646484
004610 13.565582275390625
002472 18.487688064575195
007453 117.33332824707031
003967 17.190282821655273
004497 14.937366485595703
000294 110.83333587646484
009558 105.22425079345703
001784 130.03829956054688
002239 32.281822204589844
000603 114.655029296875
001854 156.4705810546875
010077 117.33332824707031
010272 110.33028411865234
009877 117.33332824707031
006166 20.715557098388672
002128 25.69590950012207
005511 16.571435928344727
009066 132.1516876220703
009884 117.33332824707031
006152 23.28618049621582
000921 221.6666717529297
011969 70.99962615966797
000797 110.83333587646484
011771 117.33332824707031
002993 18.22861671447754
006035 21.06200408935547
011201 97.07644653320312
006169 20.08345603942871
010859 75.8194808959961
009123 117.64258575439453
002794 17.30626106262207
011567 66.04838562011719
010487 58.45741653442383
009413 45.91390609741211
007770 86.48878479003906
000130 23.92372703552246
009742 109.06446838378906
005308 9.731109619140625
011403 117.33332824707031
003493 17.06211280822754
001185 156.4705810546875
000951 221.6666717529297
000716 156.4705810546875
010339 105.77979278564453
001962 156.4705810546875
001449 93.64411163330078
000425 110.83333587646484
010313 111.0647201538086
009583 93.45622253417969
006014 18.007659912109375
001216 156.4705810546875
012363 82.13333129882812
007042 152.0
012396 82.13333129882812
009769 21.085187911987305
003890 17.059829711914062
004524 18.44089126586914
006483 111.0647201538086
002455 17.517391204833984
003739 16.872529983520508
011461 83.71451568603516
011862 81.49485778808594
008286 152.0
010970 117.33332824707031
007393 48.752708435058594
005179 13.94603157043457
011416 34.74544906616211
006637 87.28185272216797
000329 56.15911865234375
004683 13.704566955566406
005172 13.959192276000977
010476 59.408023834228516
006919 120.52052307128906
001267 110.83333587646484
007271 30.50304412841797
010216 72.91277313232422
003118 18.272066116333008
001243 156.4705810546875
000994 156.4705810546875
000841 110.83333587646484
003503 18.41659927368164
011929 72.5893325805664
006017 18.95574378967285
009287 89.62610626220703
001883 43.2154655456543
011715 117.33332824707031
011354 117.33332824707031
011453 117.33332824707031
004541 14.613286018371582
009870 45.881446838378906
005676 14.605694770812988
008116 152.0
000587 221.6666717529297
012610 20.319822311401367
000715 156.4705810546875
010618 111.0647201538086
001666 156.4705810546875
010370 82.55642700195312
000993 156.4705810546875
006284 110.83333587646484
009506 51.20355987548828
004712 13.94290542602539
003208 17.84529685974121
007043 55.380916595458984
003383 16.437177658081055
000334 28.733678817749023
008912 74.15746307373047
005841 21.22812843322754
009263 152.0
000973 156.4705810546875
000732 156.4705810546875
001034 156.4705810546875
010488 74.02862548828125
003538 18.21082878112793
000500 78.84391784667969
007313 56.44898986816406
010114 117.33332824707031
006889 33.746307373046875
004217 13.48210334777832
012215 82.13333129882812
005867 19.223447799682617
010390 67.60202026367188
001996 156.4705810546875
007469 39.15956115722656
007532 18.71563148498535
009417 117.33332824707031
009239 39.570796966552734
001291 44.800697326660156
011455 84.22931671142578
005530 15.101749420166016
011004 36.82943344116211
009930 117.33332824707031
007031 63.33091735839844
004141 16.82818031311035
010105 117.33332824707031
006361 117.33332824707031
000322 156.4705810546875
004624 14.045665740966797
002310 24.005970001220703
004791 51.953125
008968 107.28787231445312
003957 17.10228157043457
011710 117.33332824707031
000830 110.83333587646484
005881 19.664932250976562
002043 221.6666717529297
006326 23.82406234741211
003796 17.06021499633789
012472 82.13333129882812
012511 40.04072952270508
001335 156.4705810546875
009261 152.0
005236 14.551980018615723
005694 8.668210983276367
000919 221.6666717529297
001990 156.4705810546875
012297 47.015533447265625
005569 110.83333587646484
002093 35.335636138916016
004565 15.25666618347168
006538 76.78618621826172
005898 16.363388061523438
005275 13.549386024475098
000367 110.83333587646484
002644 17.443857192993164
001190 156.4705810546875
010837 31.929975509643555
000749 110.83333587646484
011161 72.93885803222656
005344 10.809874534606934
006598 32.8239631652832
010550 82.6270751953125
010884 93.87371826171875
008835 152.0
000870 221.6666717529297
007239 37.731441497802734
007432 11.401716232299805
003402 18.436668395996094
003520 18.2482852935791
012077 82.13333129882812
001748 108.73072814941406
003554 17.72957420349121
004736 13.332040786743164
006658 39.03782272338867
011642 117.33332824707031
003522 18.386734008789062
004515 14.927438735961914
006500 111.0647201538086
002478 19.92076301574707
006150 20.671342849731445
003214 17.93195152282715
003310 18.269418716430664
000238 23.93098258972168
006102 18.009510040283203
012029 21.257217407226562
011948 79.3991928100586
011532 67.01460266113281
010896 46.40127182006836
000358 110.83333587646484
005917 19.696443557739258
001412 156.4705810546875
010733 117.33332824707031
009789 76.05309295654297
010701 117.33332824707031
003321 18.099346160888672
010104 117.33332824707031
006885 38.60956573486328
001192 156.4705810546875
008587 99.8433837890625
000674 221.6666717529297
001066 156.4705810546875
008527 152.0
001687 156.4705810546875
000877 137.43565368652344
004944 51.953125
004643 14.123675346374512
003689 17.267620086669922
006917 62.71416473388672
005193 51.953125
000515 110.83333587646484
007110 89.29151916503906
012442 13.425750732421875
011254 49.169647216796875
002994 17.958675384521484
006164 20.633005142211914
010178 111.0647201538086
008207 35.702823638916016
004661 15.379517555236816
002701 17.24761962890625
004010 16.975383758544922
007835 117.33332824707031
012601 52.226715087890625
011963 82.13333129882812
011783 117.33332824707031
002942 33.71146774291992
010981 117.33332824707031
008230 88.82707977294922
010173 52.83075714111328
001112 45.632728576660156
004633 15.124995231628418
012391 82.13333129882812
009842 138.56651306152344
002926 33.07563400268555
010879 18.14200782775879
000421 110.83333587646484
004170 13.351832389831543
003043 18.26009750366211
001381 156.4705810546875
001395 156.4705810546875
004434 13.150118827819824
010526 111.0647201538086
008391 152.0
012626 82.13333129882812
010161 52.109981536865234
008749 32.46549606323242
009866 26.3363037109375
008787 58.84796905517578
002334 18.26439666748047
007317 84.73568725585938
003672 16.688631057739258
005682 15.138059616088867
008676 152.0
007116 78.20550537109375
005284 13.719873428344727
009670 75.68538665771484
005407 10.490355491638184
000081 32.995235443115234
009278 44.8943977355957
008476 152.0
011105 117.33332824707031
011206 117.33332824707031
011387 117.33332824707031
006273 110.83333587646484
007942 88.59091186523438
001465 29.057861328125
004119 18.271411895751953
001246 156.4705810546875
002358 19.164270401000977
007913 152.0
008106 152.0
011146 43.27843475341797
012553 13.193653106689453
011271 109.9217758178711
000456 221.6666717529297
008858 152.0
011727 117.33332824707031
006055 17.7670955657959
010584 126.68017578125
002084 14.282805442810059
008319 152.0
007541 39.822021484375
005955 20.626535415649414
004517 13.757879257202148
007350 29.86161994934082
000591 221.6666717529297
002968 36.58597183227539
012497 82.13333129882812
011041 117.33332824707031
004477 15.532540321350098
009726 117.33332824707031
006145 24.393943786621094
007370 78.36808776855469
007477 65.96500396728516
002384 18.422664642333984
010786 69.7578125
007298 35.30764389038086
006628 152.0
011450 117.33332824707031
005367 95.97982788085938
008174 76.17296600341797
000022 218.0724639892578
004016 16.83549690246582
005942 20.391942977905273
011014 43.57843780517578
000258 29.935611724853516
010128 117.5572509765625
012067 82.13333129882812
001159 156.4705810546875
009005 61.93033981323242
004303 13.911272048950195
012062 82.13333129882812
001922 156.4705810546875
012085 11.750731468200684
011705 117.33332824707031
004864 15.214334487915039
000889 221.6666717529297
010757 117.33332824707031
011292 117.33332824707031
009491 117.33332824707031
009562 66.58948516845703
009921 117.33332824707031
005430 10.753931999206543
007919 88.73949432373047
009532 28.294538497924805
012074 82.13333129882812
009089 101.3524169921875
007157 42.66014862060547
012246 82.13333129882812
008663 104.63484191894531
000517 110.83333587646484
003797 16.858428955078125
009644 19.511301040649414
005211 14.42426586151123
007776 63.92354965209961
000807 110.83333587646484
001405 156.4705810546875
001178 156.4705810546875
002891 32.75796890258789
000959 156.4705810546875
000023 17.745576858520508
008133 152.0
009976 117.33332824707031
007756 7.4744720458984375
009778 69.68243408203125
008383 152.0
001134 121.47979736328125
011359 101.27159881591797
004435 13.343008041381836
002536 17.809310913085938
007062 152.0
004125 16.98257064819336
004938 14.496265411376953
002299 110.83333587646484
008314 152.0
005992 17.601743698120117
002617 17.77613639831543
005332 10.205984115600586
010085 117.33332824707031
005767 13.682231903076172
001664 70.27501678466797
006892 35.649436950683594
008010 152.0
010306 43.11117935180664
006615 87.65037536621094
006528 111.0647201538086
009996 117.33332824707031
011251 117.33332824707031
010403 89.21207427978516
010160 117.33332824707031
002531 18.57278060913086
009746 84.87051391601562
001771 56.32537078857422
011787 117.33332824707031
003799 16.74517250061035
008110 152.0
010174 59.3795280456543
007184 152.0
004532 17.699520111083984
002406 17.478717803955078
010367 111.0647201538086
006290 60.12434005737305
001442 49.437129974365234
003750 17.899911880493164
008773 152.0
003117 18.818199157714844
000812 110.83333587646484
004657 14.398218154907227
010182 35.677669525146484
004907 14.934935569763184
001196 156.4705810546875
007340 33.57815170288086
007475 60.753021240234375
004348 13.933489799499512
003666 17.265810012817383
005162 14.912562370300293
006863 70.33130645751953
007648 99.1695785522461
009883 117.33332824707031
005598 11.222915649414062
003209 19.343461990356445
003165 18.57719612121582
012039 82.13333129882812
001070 156.4705810546875
000244 22.085220336914062
009031 152.0
000878 221.6666717529297
008413 152.0
008300 152.0
010603 111.0647201538086
001906 156.4705810546875
005889 20.80642318725586
004154 17.038177490234375
009231 152.0
002201 27.538145065307617
010348 50.22447967529297
008483 152.0
005486 16.16767120361328
002339 17.323726654052734
010044 117.33332824707031
009822 22.70073890686035
010435 111.0647201538086
006348 75.96795654296875
003650 17.865848541259766
001527 43.49757766723633
010368 42.393123626708984
002555 18.342891693115234
005531 14.456156730651855
001507 156.4705810546875
006264 20.089017868041992
011326 117.33332824707031
001856 156.4705810546875
010451 75.65618896484375
010925 117.33332824707031
003006 18.180030822753906
005595 11.188149452209473
000766 110.83333587646484
011571 46.930381774902344
000814 110.83333587646484
001739 49.73676681518555
008264 152.0
003733 16.69495391845703
001939 156.4705810546875
005700 10.907978057861328
000113 30.590288162231445
000711 156.4705810546875
006825 110.37564086914062
001280 156.4705810546875
000987 31.49895668029785
010143 72.04218292236328
005237 14.592425346374512
010604 111.0647201538086
001104 156.4705810546875
000755 110.83333587646484
007528 49.29262924194336
011222 117.25963592529297
002425 19.076452255249023
012172 28.144115447998047
002735 17.41179847717285
010867 92.4580307006836
000261 36.96424102783203
003768 17.46192741394043
009476 50.396484375
011855 117.33332824707031
009364 117.33332824707031
007228 48.10590744018555
004840 14.758462905883789
003474 17.692256927490234
002557 18.825328826904297
011280 95.15003204345703
002318 83.72736358642578
006232 11.9203462600708
004490 13.546021461486816
010202 65.9595947265625
003211 18.838031768798828
003897 17.728092193603516
000508 110.83333587646484
001831 49.761383056640625
005161 14.240546226501465
002671 17.15015411376953
004690 13.214457511901855
010595 111.0647201538086
008143 152.0
012209 82.13333129882812
002216 28.213031768798828
006927 103.7125015258789
009928 117.33332824707031
005201 14.601881980895996
001677 156.4705810546875
011693 117.33332824707031
000599 221.6666717529297
001436 156.4705810546875
009229 43.48038864135742
003588 17.27620506286621
008943 72.68565368652344
003159 18.780385971069336
006606 90.19528198242188
006498 111.0647201538086
008971 48.98446273803711
009465 117.33332824707031
003100 17.697765350341797
012152 63.34535598754883
012189 53.29451370239258
003917 17.343050003051758
000346 110.83333587646484
001023 156.4705810546875
010086 117.33332824707031
011166 117.33332824707031
001448 156.4705810546875
004442 15.074577331542969
005209 14.498038291931152
011236 56.03760528564453
009831 152.0
002365 17.781736373901367
011792 117.33332824707031
004376 13.541523933410645
006089 20.20357894897461
011974 72.8765869140625
010237 65.03776550292969
002209 28.71945571899414
000892 221.6666717529297
011257 117.33332824707031
000362 94.71360778808594
012375 82.13333129882812
011846 117.33332824707031
010580 152.0
011363 117.33332824707031
011971 76.92131805419922
009139 32.26670455932617
010731 90.37325286865234
008657 61.26066589355469
000287 221.6666717529297
008542 152.0
007895 152.0
008719 127.40204620361328
000455 221.6666717529297
011239 117.33332824707031
011691 117.33332824707031
000242 156.4705810546875
007346 35.96441650390625
010732 19.620651245117188
002281 26.418867111206055
000678 221.6666717529297
002595 17.666645050048828
000471 221.6666717529297
004228 13.955737113952637
000213 110.83333587646484
003571 16.50621795654297
005197 14.814407348632812
004559 15.115880966186523
001942 154.09442138671875
007825 117.33332824707031
008135 56.632843017578125
004002 16.972103118896484
001327 156.4705810546875
008584 152.0
000344 110.83333587646484
001372 156.4705810546875
003883 17.47381019592285
007765 63.91876220703125
008526 152.0
006279 22.261367797851562
011857 79.12405395507812
010668 111.0647201538086
001589 156.4705810546875
006019 19.67745018005371
002187 29.46279525756836
002687 17.605445861816406
008586 152.0
008552 74.91791534423828
004836 14.609326362609863
003046 17.88617706298828
003393 15.650755882263184
005946 20.754697799682617
006964 54.62179183959961
005302 15.503361701965332
009057 118.7225341796875
009985 117.33332824707031
007592 51.25226974487305
006773 74.9910888671875
003841 16.491113662719727
005230 13.762092590332031
010336 25.746625900268555
009325 117.33332824707031
006778 65.91092681884766
006050 17.920629501342773
004310 13.625447273254395
011501 117.33332824707031
011968 72.53990936279297
003836 16.356491088867188
003123 17.697200775146484
002663 17.465370178222656
011685 117.33332824707031
007659 58.35386657714844
011941 82.13333129882812
003781 17.17589569091797
002616 17.327795028686523
006514 84.34071350097656
003267 17.88185691833496
001050 41.56117248535156
000578 110.83333587646484
001027 156.4705810546875
003066 18.16556167602539
003106 18.69841194152832
004364 13.796625137329102
010135 26.216327667236328
005322 9.979124069213867
001655 156.4705810546875
012042 82.13333129882812
001130 132.53634643554688
009553 34.3714599609375
011492 117.33332824707031
001244 156.4705810546875
012072 82.13333129882812
002493 17.616710662841797
008982 45.49485778808594
010543 82.99171447753906
005801 20.090017318725586
003366 18.165735244750977
010215 47.659263610839844
004579 14.954397201538086
012347 28.604909896850586
002099 24.05122184753418
012367 82.13333129882812
002132 25.807613372802734
002367 17.64685821533203
004859 14.953523635864258
002147 110.83333587646484
007737 39.93947219848633
003201 18.369230270385742
011024 43.18221664428711
009308 80.1893539428711
002508 21.067813873291016
007580 117.33332824707031
011784 117.33332824707031
002571 17.442039489746094
005321 10.334367752075195
009285 147.71514892578125
010075 117.33332824707031
008736 152.0
003045 18.975740432739258
008554 152.0
007666 67.39063262939453
003550 18.19098663330078
005280 24.149381637573242
011028 88.13135528564453
011086 83.70207977294922
004049 17.218679428100586
005034 14.587506294250488
005277 13.31275749206543
000650 110.83333587646484
009205 152.0
012378 15.024006843566895
001369 156.4705810546875
005650 15.8074951171875
005326 9.845549583435059
002781 17.12809944152832
011772 117.33332824707031
002853 32.967041015625
005304 10.065299034118652
007089 58.24702072143555
010502 52.66642761230469
000950 221.6666717529297
003388 18.653709411621094
010561 79.9803237915039
004230 13.23167610168457
009172 27.306318283081055
006366 111.0647201538086
000199 131.7246551513672
011078 44.058998107910156
012100 82.13333129882812
010823 16.588760375976562
010819 21.04718017578125
002652 17.30548667907715
010852 33.5424919128418
009704 42.0346794128418
001360 156.4705810546875
012002 75.19605255126953
004779 20.782041549682617
007746 30.988571166992188
011499 117.33332824707031
008766 152.0
007334 42.43971252441406
007601 80.63040924072266
002074 24.283082962036133
005185 14.620709419250488
010692 111.0647201538086
009427 117.33332824707031
001115 156.4705810546875
010730 108.96205139160156
001872 156.4705810546875
010458 99.49627685546875
008164 129.24510192871094
005005 51.953125
002291 31.54698944091797
002650 17.567148208618164
004391 12.924391746520996
003419 17.534622192382812
004744 18.65118980407715
002424 17.384244918823242
003872 16.966690063476562
010139 117.5572509765625
010354 79.1650619506836
007049 152.0
005727 11.27820873260498
006403 111.0647201538086
005764 14.915251731872559
000679 221.6666717529297
007910 149.93426513671875
000196 44.14994812011719
010525 26.129844665527344
006202 17.666574478149414
011867 117.33332824707031
001258 156.4705810546875
005075 14.510372161865234
002028 44.87706756591797
010915 117.33332824707031
007604 16.391931533813477
002594 17.63477897644043
003626 16.8614559173584
005457 14.397769927978516
009909 117.33332824707031
001538 38.80934143066406
011608 47.068111419677734
012498 82.13333129882812
010092 117.33332824707031
010304 111.0647201538086
007624 117.33332824707031
003062 18.388946533203125
007991 75.9751968383789
001363 156.4705810546875
005206 14.740903854370117
005454 13.344380378723145
000708 110.83333587646484
001866 142.75733947753906
007766 117.33332824707031
009135 103.9626693725586
010271 95.5262680053711
000020 83.46514129638672
002482 21.530170440673828
006375 111.0647201538086
000697 221.6666717529297
007014 39.492488861083984
012539 82.13333129882812
011054 47.17891311645508
001940 156.4705810546875
007893 52.671966552734375
000901 221.6666717529297
001365 156.4705810546875
005369 10.0665864944458
011956 82.02901458740234
009105 51.785037994384766
007337 27.21259117126465
008782 152.0
007609 63.28278350830078
000387 110.83333587646484
009238 51.17378234863281
004438 13.229817390441895
012014 82.13333129882812
004129 17.315998077392578
011796 117.33332824707031
008158 72.60803985595703
004569 14.01336669921875
000260 66.95924377441406
000528 221.6666717529297
001428 156.4705810546875
000820 110.83333587646484
005985 19.05381965637207
006548 65.85770416259766
011333 117.33332824707031
008969 152.0
011152 47.68811798095703
005529 15.395381927490234
001408 156.4705810546875
011099 117.33332824707031
004392 13.739943504333496
009218 48.59429168701172
003618 17.678735733032227
006767 90.89275360107422
001761 156.4705810546875
004253 13.658134460449219
009156 47.666439056396484
007554 36.24756622314453
008733 65.34770965576172
001577 39.190731048583984
004043 16.934858322143555
009729 117.33332824707031
006331 27.382497787475586
008983 49.46558380126953
008246 152.0
005875 20.138086318969727
004766 20.32723617553711
008881 132.2013702392578
009730 117.33332824707031
002266 32.48407745361328
007124 110.79373931884766
004976 15.549654960632324
011777 117.33332824707031
006047 17.859407424926758
007056 152.0
001834 156.4705810546875
008804 129.02944946289062
005938 19.509647369384766
003789 16.731002807617188
011994 44.854827880859375
009741 114.08917999267578
003087 18.53141212463379
000585 221.6666717529297
005424 10.56054973602295
010813 28.56920623779297
007474 61.95419692993164
000799 102.98883056640625
010690 111.0647201538086
005895 17.28520393371582
011630 27.245145797729492
004876 14.955291748046875
000966 156.4705810546875
006952 49.76680374145508
008208 31.67563819885254
003728 17.727582931518555
007443 15.742097854614258
011142 52.59052658081055
003800 17.19261932373047
002267 32.52134323120117
009610 28.629058837890625
001189 156.4705810546875
005269 13.49098014831543
001337 156.4705810546875
004380 13.079133033752441
010655 107.68990325927734
003235 17.89312744140625
002292 29.557430267333984
004619 13.820042610168457
004237 13.816393852233887
009906 16.908422470092773
008907 152.0
010807 23.922332763671875
010203 66.39547729492188
001047 60.5641975402832
009344 117.33332824707031
002298 110.83333587646484
003562 17.373079299926758
006840 36.155296325683594
010026 56.20915985107422
006792 47.025413513183594
006550 63.11357879638672
001516 41.29790115356445
005227 13.899113655090332
003862 16.761850357055664
011676 117.33332824707031
003564 17.710697174072266
001522 71.49734497070312
005337 11.03117847442627
009947 108.7729721069336
006344 15.191141128540039
002463 17.751998901367188
011227 117.33332824707031
010142 53.84809494018555
011464 117.33332824707031
002107 40.90195846557617
002042 221.6666717529297
000632 110.83333587646484
011094 31.249685287475586
001101 110.83333587646484
007166 93.21051788330078
011511 117.33332824707031
005626 14.254742622375488
005325 9.957167625427246
009468 117.33332824707031
001191 156.4705810546875
012240 81.63291931152344
004072 16.969741821289062
005601 10.24275016784668
007351 28.859439849853516
008429 81.38554382324219
005366 110.83333587646484
001307 23.5595703125
005563 11.210946083068848
005409 9.682272911071777
008309 152.0
007119 54.04833221435547
012385 82.13333129882812
006453 111.0647201538086
010404 111.0647201538086
005858 19.490726470947266
000794 110.83333587646484
010800 16.541109085083008
006775 130.82077026367188
006487 111.0647201538086
010589 41.15523147583008
003595 16.804241180419922
004428 13.521851539611816
007427 15.81523323059082
007279 30.585908889770508
010261 57.58602523803711
002920 37.542362213134766
003476 18.134876251220703
000363 110.83333587646484
003927 16.98058319091797
004071 17.13309669494629
003701 16.82819938659668
007926 48.33195495605469
003605 17.357379913330078
002897 32.9836540222168
011344 117.33332824707031
005534 14.326171875
008233 70.97484588623047
011998 82.13333129882812
002217 48.97104263305664
011688 117.33332824707031
011277 94.96824645996094
010688 111.0647201538086
006400 111.0647201538086
010324 111.0647201538086
003150 17.98867416381836
000474 221.6666717529297
008372 152.0
009990 55.078575134277344
005964 42.81760787963867
008462 152.0
000211 110.83333587646484
001914 156.4705810546875
007717 48.21756362915039
008472 152.0
005483 15.810769081115723
007828 117.33332824707031
011022 41.680423736572266
008575 152.0
009929 117.33332824707031
009124 152.0
012096 62.06157684326172
009375 117.33332824707031
002731 17.267017364501953
007437 90.30034637451172
001242 156.4705810546875
001276 156.4705810546875
010361 99.77523803710938
003914 17.41606903076172
004666 13.77755069732666
010917 117.33332824707031
006382 21.733232498168945
007813 117.33332824707031
007519 41.022850036621094
009630 23.7997989654541
007121 46.81597900390625
010029 117.33332824707031
000248 22.693941116333008
002308 110.83333587646484
010337 32.56362533569336
001402 156.4705810546875
008597 152.0
002454 18.622697830200195
001797 42.437259674072266
009394 69.07913970947266
008269 152.0
008692 152.0
008741 152.0
012136 82.13333129882812
002656 20.375226974487305
007196 70.08565521240234
002375 17.20816421508789
002698 17.753820419311523
005919 18.930221557617188
010309 47.96379852294922
008639 152.0
000065 37.0601921081543
005142 18.823488235473633
005751 14.93130874633789
011811 81.9776611328125
001950 156.4705810546875
003014 18.28803825378418
001989 156.4705810546875
010792 33.07524108886719
010869 117.33332824707031
007817 117.33332824707031
002475 20.57178497314453
002589 17.229938507080078
003285 17.88096046447754
000482 221.6666717529297
000063 32.34888458251953
004260 13.570601463317871
005671 15.570549964904785
012574 82.13333129882812
005351 11.233857154846191
009300 123.80016326904297
000947 221.6666717529297
003989 17.27094841003418
011655 117.33332824707031
001309 48.53213119506836
011469 114.47657775878906
009425 117.33332824707031
010721 117.33332824707031
005487 18.336687088012695
005224 51.953125
010728 117.33332824707031
010872 23.199905395507812
005015 14.397890090942383
009735 117.33332824707031
012012 53.219581604003906
006216 21.291776657104492
006407 111.0647201538086
009378 117.33332824707031
009419 117.33332824707031
002892 32.6961669921875
009544 45.88534927368164
006148 21.100662231445312
002115 83.125
002527 18.30328941345215
008379 152.0
010842 117.33332824707031
001312 62.31045913696289
009349 117.33332824707031
010440 55.59856414794922
011725 117.33332824707031
004181 13.583526611328125
003981 17.257911682128906
010530 111.0647201538086
012360 82.13333129882812
007970 152.0
001177 156.4705810546875
010087 117.33332824707031
008764 152.0
006479 95.36722564697266
000790 110.83333587646484
008840 89.5640640258789
002437 17.657331466674805
009079 149.78944396972656
001503 156.4705810546875
004800 14.849862098693848
006728 62.46416473388672
004263 13.262030601501465
012052 74.14491271972656
012056 20.321895599365234
002654 17.637287139892578
008140 42.55018615722656
008139 25.777379989624023
009268 152.0
009939 117.33332824707031
004050 15.289054870605469
001277 156.4705810546875
012089 82.13333129882812
003604 16.93705177307129
011538 35.64268112182617
007734 117.33332824707031
004139 17.20440673828125
005853 20.24245262145996
000207 110.83333587646484
012213 82.13333129882812
004540 15.33431339263916
010880 23.6251277923584
012419 82.13333129882812
004978 51.953125
002789 17.14716339111328
006578 33.470008850097656
006873 53.722434997558594
009826 12.757749557495117
005131 14.516777992248535
010554 97.18245697021484
010497 26.60007095336914
005688 10.117332458496094
005013 17.489635467529297
005910 18.68265724182129
011174 98.07512664794922
001310 64.25889587402344
005755 15.77623176574707
001783 42.007102966308594
005561 10.809901237487793
012121 31.691082000732422
009767 117.33332824707031
002018 156.4705810546875
007429 16.036666870117188
007827 117.33332824707031
007160 76.0478286743164
005404 11.053561210632324
001853 156.4705810546875
004307 13.547467231750488
010317 111.0647201538086
008681 152.0
002845 33.534385681152344
003047 18.409381866455078
004572 14.038371086120605
001612 156.4705810546875
005195 15.217720985412598
012125 82.13333129882812
011330 117.33332824707031
005495 18.014415740966797
012271 82.13333129882812
011262 117.33332824707031
000842 221.6666717529297
000463 221.6666717529297
005778 25.32073211669922
007265 23.492074966430664
001413 156.4705810546875
000139 27.9410400390625
003934 16.919490814208984
004153 16.7999210357666
008283 27.992456436157227
009626 57.14447784423828
008758 74.24345397949219
010326 99.01160430908203
010744 117.33332824707031
001001 156.4705810546875
004587 15.472773551940918
004000 16.537193298339844
001065 156.4705810546875
011183 117.33332824707031
008039 43.86068344116211
010477 66.90433502197266
011210 117.33332824707031
005703 11.341584205627441
011652 117.33332824707031
003516 17.80432891845703
011675 117.33332824707031
004127 17.423566818237305
007195 54.86467361450195
006737 152.0
004086 17.11907958984375
002749 17.834327697753906
007355 15.979934692382812
011415 44.25149154663086
001767 111.79476928710938
003527 17.961793899536133
012435 82.13333129882812
008946 56.436668395996094
003103 18.995363235473633
010199 53.74142074584961
009989 22.978334426879883
004252 13.631233215332031
012114 82.13333129882812
008049 152.0
004176 13.517428398132324
002420 18.597719192504883
000898 221.6666717529297
008929 152.0
007840 117.33332824707031
004949 15.955072402954102
007675 117.33332824707031
000851 221.6666717529297
006659 38.26469039916992
001823 101.25428771972656
001893 156.4705810546875
009902 42.60169219970703
009445 40.997249603271484
000225 41.00505065917969
001188 156.4705810546875
000803 21.447776794433594
001254 156.4705810546875
010017 72.87378692626953
001035 156.4705810546875
009453 117.33332824707031
008936 152.0
002673 17.330989837646484
009340 117.33332824707031
006188 18.215938568115234
008651 152.0
010229 111.0647201538086
008964 152.0
011937 82.13333129882812
001301 22.989002227783203
006568 152.0
001470 156.4705810546875
006421 42.9243049621582
002809 17.464805603027344
006480 111.0647201538086
012569 82.13333129882812
007898 152.0
009960 117.33332824707031
010478 111.0647201538086
004221 12.946109771728516
005411 9.360472679138184
009094 46.44414520263672
006970 152.0
004173 13.092082023620605
002566 18.001094818115234
005433 11.27161693572998
006776 39.59609603881836
011881 82.13333129882812
001806 156.4705810546875
002486 17.568201065063477
010863 27.217212677001953
006116 18.82395362854004
008640 152.0
006524 18.00908851623535
003404 17.913053512573242
001144 156.4705810546875
012127 82.13333129882812
004852 14.636014938354492
007818 117.33332824707031
010597 111.0647201538086
003579 17.381420135498047
001500 156.4705810546875
001697 98.93743133544922
001558 52.65934371948242
006390 111.0647201538086
012365 82.13333129882812
012453 67.13526153564453
006313 46.42216110229492
012402 82.13333129882812
011979 82.13333129882812
010523 111.0647201538086
008828 93.04606628417969
001949 156.4705810546875
008266 152.0
009656 37.07480239868164
004158 13.254465103149414
006286 79.48477935791016
007045 35.35381317138672
000758 110.83333587646484
008388 152.0
009724 117.33332824707031
008668 152.0
004501 17.68958282470703
005865 18.764049530029297
002810 17.730504989624023
010168 41.03066635131836
012230 82.13333129882812
008223 152.0
001909 156.4705810546875
007412 83.84527587890625
001654 156.4705810546875
011207 117.33332824707031
006894 60.586177825927734
007497 25.879682540893555
003088 18.124706268310547
007757 65.37044525146484
009430 117.33332824707031
006764 73.16545867919922
002374 18.061227798461914
001318 154.4667205810547
007256 53.83037185668945
002442 18.231334686279297
006635 79.78289031982422
009591 101.12074279785156
003128 17.907127380371094
011052 50.35721206665039
003313 18.147369384765625
012337 82.13333129882812
007332 43.07925033569336
003167 17.804738998413086
009820 101.70431518554688
003667 16.903270721435547
010691 111.0647201538086
002150 28.951086044311523
005218 14.35249137878418
006732 152.0
005775 15.6375093460083
007559 152.0
005251 13.44525146484375
011858 76.43855285644531
008451 152.0
007410 42.73670959472656
003636 17.539609909057617
008546 152.0
007455 117.33332824707031
002180 110.83333587646484
008156 152.0
006045 18.304208755493164
009115 137.7048797607422
001543 57.272098541259766
001984 156.4705810546875
000391 110.83333587646484
009128 152.0
010916 117.33332824707031
009525 31.850055694580078
012273 82.13333129882812
001393 156.4705810546875
001737 41.597694396972656
003702 17.50214195251465
007327 47.1407470703125
006947 44.53165054321289
012017 82.13333129882812
005461 15.767311096191406
004401 13.192164421081543
005675 25.284347534179688
001056 156.4705810546875
002219 27.640199661254883
009303 152.0
008686 152.0
009129 152.0
004790 14.869125366210938
004589 14.195313453674316
006662 70.11289978027344
006739 152.0
006926 60.38466262817383
004985 14.92668628692627
006237 13.36648941040039
002686 17.555736541748047
010360 111.0647201538086
008481 152.0
002674 17.86989974975586
008221 152.0
009868 41.5853157043457
011954 82.13333129882812
010548 85.03812408447266
010878 12.992534637451172
010834 43.753395080566406
008423 152.0
011983 79.17155456542969
003189 17.903240203857422
007304 91.26433563232422
008709 38.742313385009766
006821 40.03785705566406
008431 152.0
001722 44.882781982421875
004404 13.40388011932373
005977 110.79595184326172
003582 16.74260711669922
004115 17.425973892211914
008864 50.85982894897461
000424 110.83333587646484
000114 30.591678619384766
003858 16.339651107788086
008187 44.62538528442383
002416 17.072315216064453
003682 17.20072364807129
011308 117.33332824707031
006337 17.02813148498535
011575 51.902671813964844
001569 156.4705810546875
008218 152.0
009946 29.09853172302246
001300 156.4705810546875
007692 67.86869812011719
010303 81.86991119384766
010686 104.45819091796875
000219 110.83333587646484
005893 16.760231018066406
009484 56.8648681640625
009605 35.50604248046875
005363 11.873942375183105
005932 50.79990005493164
000748 110.83333587646484
000707 110.83333587646484
012204 34.961849212646484
000042 110.83333587646484
010165 29.91189956665039
006063 20.560232162475586
008861 46.80644226074219
007054 66.44091033935547
006774 75.0311279296875
012430 46.53791427612305
006185 18.64339256286621
005010 51.953125
012473 82.13333129882812
000101 29.645315170288086
005099 14.603935241699219
003359 18.40248680114746
012330 82.13333129882812
006993 125.89289093017578
010937 117.33332824707031
007611 75.29530334472656
001603 63.89511489868164
000302 69.93794250488281
003376 18.275375366210938
004446 15.46820068359375
003274 17.74324607849121
012460 15.268108367919922
002332 17.91982650756836
000916 221.6666717529297
000103 30.353960037231445
008775 152.0
002921 32.68405532836914
001344 156.4705810546875
002229 95.78545379638672
011852 117.33332824707031
002641 17.803617477416992
011428 42.03977584838867
010762 31.19099235534668
007927 48.27900314331055
003594 16.966970443725586
006501 111.0647201538086
012238 61.84621810913086
001394 156.4705810546875
009148 152.0
008672 152.0
009316 30.385082244873047
006222 20.11871337890625
003484 18.299158096313477
009119 48.43539047241211
005701 11.298008918762207
010949 117.33332824707031
002112 16.303396224975586
010718 103.16165924072266
011977 75.11116790771484
012247 82.13333129882812
012221 82.13333129882812
004560 15.386898040771484
012356 82.13333129882812
011797 117.33332824707031
005702 10.886028289794922
002465 17.764892578125
007600 117.33332824707031
011861 75.7245864868164
009077 68.96509552001953
010411 35.1884880065918
012112 82.13333129882812
001684 156.4705810546875
010240 77.42984008789062
009545 80.01834869384766
009217 146.35963439941406
003007 18.0526123046875
012575 82.13333129882812
008209 42.22248458862305
004682 13.487765312194824
000053 156.4705810546875
010958 32.850799560546875
000128 24.905879974365234
000793 110.83333587646484
001037 156.4705810546875
010517 23.062950134277344
008899 152.0
004551 17.244361877441406
006335 98.65502166748047
006271 20.67425537109375
000857 221.6666717529297
003695 16.418283462524414
012423 82.13333129882812
007215 17.234148025512695
005022 35.40925979614258
001564 156.4705810546875
006489 32.83073425292969
006766 81.42841339111328
011488 117.33332824707031
006329 26.165300369262695
011677 117.33332824707031
001682 57.765384674072266
007211 24.54791831970215
009371 117.33332824707031
010671 111.0647201538086
010212 24.004812240600586
011641 70.32102966308594
008725 152.0
010280 49.623661041259766
010352 108.93743896484375
001812 156.4705810546875
004967 51.953125
009810 149.05995178222656
001519 156.4705810546875
007728 102.91654968261719
009568 117.33332824707031
000600 221.6666717529297
007398 51.49612045288086
001486 33.47736358642578
011011 47.8033447265625
002793 21.105358123779297
011032 117.33332824707031
000509 110.83333587646484
001161 156.4705810546875
004027 16.893817901611328
005445 11.464437484741211
008115 40.500160217285156
009935 117.33332824707031
002819 17.851598739624023
004659 14.855518341064453
009586 55.79207229614258
009795 26.30214500427246
009341 117.33332824707031
007707 47.39385986328125
009337 48.514888763427734
008911 152.0
007701 27.49217987060547
000562 110.83333587646484
003642 16.966684341430664
003322 18.31317710876465
008162 79.64925384521484
003743 16.67981719970703
011001 33.905330657958984
010844 17.921947479248047
002066 26.10723304748535
012429 82.13333129882812
003567 18.343582153320312
004381 13.18084716796875
003720 17.888019561767578
011546 84.0118179321289
003053 18.535741806030273
000041 34.07611846923828
005032 25.54318618774414
011522 117.33332824707031
007555 28.2142333984375
002322 17.913984298706055
011745 92.34610748291016
005215 24.160600662231445
004091 17.09901237487793
011025 103.13517761230469
002363 18.717079162597656
011573 37.12510299682617
010719 85.87153625488281
011670 117.33332824707031
002677 16.996335983276367
000593 221.6666717529297
011793 117.33332824707031
007996 14.379276275634766
001910 156.4705810546875
002567 18.131547927856445
005086 15.66817855834961
005717 10.8970308303833
010578 152.0
012541 82.13333129882812
009925 117.33332824707031
006426 111.0647201538086
004410 13.038975715637207
006058 18.45781135559082
011311 117.33332824707031
010256 104.45661163330078
005696 8.195183753967285
007662 38.21105194091797
008754 152.0
006795 37.99736785888672
004525 13.706756591796875
002351 18.128856658935547
002850 33.06342315673828
007599 117.33332824707031
009025 64.1445083618164
006655 87.28620147705078
008497 152.0
007839 82.49496459960938
011124 117.33332824707031
002910 33.845672607421875
005993 19.450979232788086
008305 152.0
004751 14.506989479064941
002309 37.33465576171875
009851 22.803443908691406
009754 34.5695686340332
000010 84.5279312133789
011048 49.64978790283203
007829 77.48905944824219
006025 19.796878814697266
001183 156.4705810546875
005004 37.38553237915039
002002 156.4705810546875
004799 31.491098403930664
001220 156.4705810546875
007499 24.561195373535156
011981 34.80680465698242
007219 24.88578987121582
008949 138.54940795898438
004691 13.0454740524292
002133 25.550399780273438
002560 17.66724395751953
006370 111.0647201538086
004562 13.582473754882812
006779 93.16925811767578
002035 221.6666717529297
008561 152.0
000147 221.6666717529297
012080 82.13333129882812
010505 79.03881072998047
011593 51.81757736206055
003216 17.951461791992188
002658 17.24091339111328
012233 82.13333129882812
005877 20.32260513305664
005991 17.581619262695312
008473 152.0
006842 114.50018310546875
012290 67.10005950927734
005470 15.346198081970215
005934 21.141101837158203
006633 34.13607406616211
003606 17.760086059570312
011760 81.7327880859375
005380 10.962038040161133
002834 40.34441375732422
010120 117.33332824707031
008682 152.0
004913 16.01778793334961
005207 23.65410614013672
011312 117.33332824707031
002088 36.59572219848633
006609 48.772769927978516
005560 26.60347557067871
003965 17.01047134399414
010226 78.42353820800781
008046 152.0
009424 117.33332824707031
004249 13.551166534423828
002522 18.95645523071289
004989 14.421527862548828
000905 221.6666717529297
007971 98.88818359375
003304 18.230222702026367
011141 47.569725036621094
010552 85.88890075683594
010524 23.904130935668945
008852 143.81358337402344
006973 152.0
003160 18.30472183227539
009146 53.201141357421875
001117 156.4705810546875
005221 14.714967727661133
004670 13.53466510772705
005272 12.989459037780762
003979 17.588285446166992
009134 97.66197967529297
003703 16.99580192565918
010974 94.19208526611328
001059 39.327091217041016
006587 48.7774543762207
008282 152.0
006384 22.14120864868164
000943 221.6666717529297
006288 108.31352996826172
005627 14.788738250732422
002857 45.03907775878906
005488 15.495676040649414
007156 34.20962905883789
000422 110.83333587646484
003295 18.066997528076172
007022 72.59165954589844
008055 127.97600555419922
002245 32.05476760864258
004149 17.20530891418457
003245 17.633895874023438
000621 221.6666717529297
000825 110.83333587646484
004320 13.851226806640625
009422 117.33332824707031
004765 17.983633041381836
006137 18.090200424194336
011720 117.33332824707031
003758 17.113248825073242
000575 110.83333587646484
008210 39.46884536743164
010471 50.701297760009766
004105 17.317155838012695
008538 152.0
000605 221.6666717529297
006790 129.55084228515625
009999 117.33332824707031
007467 117.33332824707031
008091 75.81861877441406
010332 111.0647201538086
001629 156.4705810546875
009228 85.09984588623047
008806 108.94868469238281
008843 152.0
009988 100.28360748291016
000265 221.6666717529297
000671 221.6666717529297
009350 83.96112823486328
005065 14.498198509216309
004582 14.9863920211792
007900 152.0
011788 117.33332824707031
009332 60.83940505981445
008740 152.0
012046 82.13333129882812
009861 119.61988067626953
010964 52.97852325439453
007385 47.702457427978516
000469 221.6666717529297
002601 17.14711570739746
005452 13.780817985534668
007622 89.958740234375
002109 20.027585983276367
002183 27.604333877563477
002277 27.01885223388672
003980 16.754610061645508
003637 17.90760612487793
011699 117.33332824707031
001849 156.4705810546875
007073 152.0
010665 111.0647201538086
004722 13.468575477600098
008119 69.2259750366211
000612 221.6666717529297
009852 35.98383712768555
000689 221.6666717529297
004208 13.324027061462402
007713 99.21166229248047
005948 19.868101119995117
002841 36.03378677368164
004857 18.769865036010742
009330 117.33332824707031
005874 20.144447326660156
009979 117.33332824707031
005331 9.539348602294922
004738 14.180038452148438
003352 18.481409072875977
006459 111.0647201538086
008057 34.97127914428711
002376 17.058320999145508
006117 19.099559783935547
002481 18.210350036621094
002690 17.418243408203125
002419 17.36237144470215
003553 18.470359802246094
003326 18.25834846496582
004951 14.73380184173584
003996 18.298612594604492
003944 17.148624420166016
004266 13.12574577331543
000909 221.6666717529297
011906 82.13333129882812
002621 17.451515197753906
007445 18.16425895690918
007191 95.5038070678711
010188 111.0647201538086
011498 103.34814453125
006902 127.12173461914062
012320 30.425262451171875
003243 18.012643814086914
001650 156.4705810546875
004278 13.033615112304688
005840 21.27963638305664
007343 32.32392501831055
000452 221.6666717529297
010444 72.52672576904297
000970 156.4705810546875
002805 18.75130844116211
005078 14.718316078186035
004042 17.81647491455078
002911 29.905427932739258
011533 40.40678405761719
001832 156.4705810546875
000418 110.83333587646484
010700 117.33332824707031
000407 110.83333587646484
000756 110.83333587646484
006005 22.59882354736328
005882 20.137529373168945
006604 40.30815505981445
009241 37.4241828918457
009886 117.33332824707031
001155 156.4705810546875
007276 29.07206153869629
007859 117.33332824707031
004958 14.660351753234863
001896 57.460899353027344
012531 82.13333129882812
010036 87.48761749267578
009594 41.24615478515625
000824 110.83333587646484
005699 11.160494804382324
007726 62.975990295410156
004597 15.218045234680176
008488 152.0
003033 18.177261352539062
004930 17.243906021118164
000956 156.4705810546875
000673 221.6666717529297
002989 18.09284210205078
000123 29.845176696777344
007450 9.92976188659668
008059 58.648704528808594
003866 16.676698684692383
002283 80.34500122070312
009543 117.33332824707031
001055 156.4705810546875
010195 111.0647201538086
009859 46.570770263671875
003465 18.45916175842285
003215 18.6702880859375
006497 78.3666763305664
002709 17.390356063842773
006481 111.0647201538086
011943 81.84407806396484
010659 111.0647201538086
010527 31.538053512573242
000680 221.6666717529297
005589 10.217599868774414
009725 117.33332824707031
012053 62.81632614135742
008452 152.0
012552 82.13333129882812
001756 156.4705810546875
010101 117.33332824707031
006912 36.874237060546875
009806 152.0
000373 110.83333587646484
004019 16.92453956604004
012568 82.13333129882812
001575 51.072296142578125
010207 111.0647201538086
005958 20.883804321289062
008486 152.0
008202 43.306644439697266
008281 119.83103942871094
001747 156.4705810546875
000924 221.6666717529297
008028 87.43219757080078
012265 82.13333129882812
005036 14.230572700500488
008961 152.0
012512 82.13333129882812
005401 11.289433479309082
009712 117.33332824707031
010258 111.0647201538086
002017 54.893287658691406
002802 17.542205810546875
001624 156.4705810546875
001580 156.4705810546875
010014 78.24952697753906
001431 156.4705810546875
000935 221.6666717529297
008729 152.0
005024 42.54282760620117
008813 150.2439422607422
005776 19.58693504333496
007761 13.315566062927246
009200 152.0
011840 117.33332824707031
010388 111.0647201538086
005377 41.46676254272461
004084 17.40452766418457
012260 24.278385162353516
003655 17.536056518554688
000511 110.83333587646484
003430 18.340660095214844
007594 117.33332824707031
007206 18.243852615356445
005392 11.19862174987793
011570 61.858154296875
003291 18.0472469329834
007749 75.97276306152344
002256 31.75240135192871
011368 80.68865966796875
006560 113.62902069091797
004111 16.97061538696289
009188 145.85459899902344
007093 152.0
001692 156.4705810546875
006043 18.80471420288086
004634 13.779715538024902
004188 13.520723342895508
010294 111.0647201538086
009510 80.90914916992188
001414 156.4705810546875
006517 78.45874786376953
000243 46.647178649902344
000381 110.83333587646484
003791 17.026927947998047
002272 87.40669250488281
005920 19.144651412963867
008703 152.0
009688 22.754480361938477
010647 111.0647201538086
002935 33.21677017211914
004567 13.658159255981445
002833 17.45941734313965
006714 46.411376953125
006695 152.0
009740 117.33332824707031
004026 17.221885681152344
002867 33.28598403930664
008884 149.47702026367188
005012 17.67799186706543
007941 132.25344848632812
012322 13.189458847045898
010490 111.0647201538086
008540 152.0
005586 11.740975379943848
006537 111.0647201538086
009411 20.59162712097168
011243 55.65768814086914
011098 117.33332824707031
011126 117.33332824707031
009210 152.0
001106 156.4705810546875
008243 152.0
008311 152.0
001293 156.4705810546875
003700 17.45627212524414
008548 38.72389221191406
000518 110.83333587646484
000516 110.83333587646484
004858 51.953125
003570 18.363370895385742
008883 107.8796157836914
012625 82.13333129882812
011542 72.4398193359375
000971 156.4705810546875
003181 18.699121475219727
011900 82.13333129882812
002760 17.394439697265625
009808 152.0
007694 60.15152359008789
000782 110.83333587646484
000576 110.83333587646484
010588 38.3234748840332
012479 82.13333129882812
009821 25.52521324157715
007945 152.0
009569 40.903907775878906
002905 35.86225128173828
012557 15.604608535766602
006066 21.46120834350586
005389 11.411446571350098
007292 22.84831428527832
010482 77.79742431640625
003418 17.987417221069336
011457 117.33332824707031
011131 44.18813705444336
010179 23.21984100341797
011837 117.33332824707031
011404 117.33332824707031
002395 18.295072555541992
000988 28.418460845947266
011749 117.33332824707031
003394 17.838241577148438
007511 98.4209213256836
009887 51.87474822998047
003281 17.505386352539062
004954 15.543973922729492
007627 76.42750549316406
008724 131.95382690429688
005576 14.235007286071777
005552 87.78965759277344
008743 31.019134521484375
004877 14.64941692352295
011598 18.435319900512695
007564 42.87479019165039
007848 64.09455108642578
010661 111.0647201538086
011916 57.71713638305664
008980 73.6517333984375
004029 18.157766342163086
004096 17.07137680053711
003195 18.095762252807617
006748 51.274776458740234
007167 72.40801239013672
009322 15.693160057067871
003173 18.097867965698242
006657 33.92850112915039
011302 117.33332824707031
002878 37.81093215942383
006099 18.794099807739258
012226 82.13333129882812
012219 82.13333129882812
005235 14.668438911437988
009366 117.33332824707031
008612 152.0
006994 152.0
000430 110.83333587646484
005591 10.301969528198242
005460 15.913661003112793
001920 52.82184600830078
001281 156.4705810546875
003940 17.013797760009766
009346 117.33332824707031
007011 45.384674072265625
008853 56.351112365722656
008377 152.0
006664 80.43345642089844
010246 87.31526947021484
003223 18.109439849853516
012379 15.710527420043945
001690 156.4705810546875
003892 17.659151077270508
009021 37.20433807373047
012168 38.912620544433594
003906 18.304210662841797
006346 25.746566772460938
007976 61.67584991455078
006471 111.0647201538086
006959 152.0
010862 77.75511932373047
002124 68.52013397216797
011056 46.808834075927734
001137 156.4705810546875
003410 18.33917999267578
004888 18.980653762817383
007047 71.95014953613281
009019 73.69683837890625
005318 10.086455345153809
005045 14.477394104003906
004100 16.600486755371094
001478 156.4705810546875
012195 36.32522964477539
009334 56.50867462158203
000527 221.6666717529297
003950 16.964130401611328
006992 59.55734634399414
010407 71.6771469116211
004908 51.953125
001991 156.4705810546875
006579 85.8116455078125
005725 9.84350872039795
009642 11.678092956542969
003852 16.31696128845215
000191 48.77772521972656
008641 152.0
000543 221.6666717529297
006836 109.66929626464844
000189 10.203023910522461
006700 41.20227813720703
001862 156.4705810546875
002868 110.83333587646484
004553 13.666598320007324
007816 117.33332824707031
006151 20.152910232543945
000408 74.75540924072266
004282 13.930055618286133
001738 38.23472213745117
011202 79.42125701904297
004748 18.449308395385742
000757 110.83333587646484
003749 16.459684371948242
000510 100.08881378173828
007027 48.82148742675781
009041 125.31195831298828
008893 151.4439697265625
000415 110.83333587646484
012165 42.16658401489258
011238 89.86548614501953
008745 152.0
002550 18.273542404174805
011834 117.33332824707031
000856 221.6666717529297
002885 64.47386932373047
010045 117.33332824707031
002600 17.426118850708008
003729 17.206233978271484
004201 13.255834579467773
007442 117.33332824707031
002170 29.343021392822266
001386 156.4705810546875
008360 152.0
007356 18.72109031677246
005957 20.645307540893555
012404 82.13333129882812
008458 24.49898910522461
004868 15.60047435760498
004904 17.903409957885742
010716 78.7785873413086
007289 22.840679168701172
000203 30.74972915649414
012236 82.13333129882812
011825 117.33332824707031
008079 152.0
008128 55.96464920043945
003973 18.87259292602539
000105 30.551973342895508
007290 24.166973114013672
009753 39.42110061645508
007523 79.79367065429688
010446 57.56515121459961
011764 117.33332824707031
004724 12.909233093261719
005538 9.315068244934082
001064 156.4705810546875
002123 110.83333587646484
012307 42.354251861572266
012303 41.6559944152832
007234 33.7520751953125
000060 156.4705810546875
007741 117.33332824707031
000664 221.6666717529297
002696 17.390480041503906
004136 17.80463218688965
010468 111.0647201538086
004133 17.356151580810547
012489 82.13333129882812
000326 30.04276466369629
009132 96.12425994873047
009038 108.2959976196289
010566 115.68062591552734
002700 17.411157608032227
007748 90.56410217285156
011713 117.33332824707031
002117 11.858722686767578
010853 11.856189727783203
005229 51.953125
008935 152.0
001107 156.4705810546875
012627 82.13333129882812
000949 221.6666717529297
003808 17.366025924682617
007772 117.33332824707031
003277 17.802663803100586
005684 15.240276336669922
000499 110.83333587646484
001479 156.4705810546875
011228 89.34235382080078
006962 152.0
005311 10.240384101867676
008459 30.938419342041016
006458 111.06297302246094
001982 156.4705810546875
004581 13.899323463439941
008104 152.0
006572 152.0
009770 117.33332824707031
006895 85.75659942626953
007775 117.33332824707031
007377 45.276100158691406
006798 100.39867401123047
006639 138.7278289794922
007654 104.81747436523438
006976 152.0
010509 44.344444274902344
007203 28.599931716918945
007982 130.3289794921875
001725 38.02173614501953
009255 28.96195411682129
009110 47.75148391723633
006275 21.78790855407715
009538 35.45069122314453
009040 152.0
012009 82.13333129882812
009807 152.0
006649 53.331031799316406
006074 110.83333587646484
000651 110.83333587646484
001000 156.4705810546875
009474 117.33332824707031
007902 152.0
012364 82.13333129882812
003488 18.246828079223633
000432 110.83333587646484
007560 117.33332824707031
006932 152.0
005395 13.653124809265137
011438 117.33332824707031
004923 51.953125
002611 17.47701072692871
010835 14.070552825927734
004444 15.923385620117188
004056 16.891111373901367
003629 16.92780303955078
010576 124.66667175292969
012175 47.946510314941406
004398 13.594197273254395
002998 18.176807403564453
002962 38.35087585449219
001241 156.4705810546875
004637 14.023431777954102
005846 20.98607635498047
010984 38.54187774658203
003085 18.050155639648438
010254 74.35086822509766
011031 117.33332824707031
010537 83.52621459960938
002284 27.372413635253906
003236 18.02105140686035
004210 13.61099910736084
008369 44.43716049194336
008351 152.0
005640 15.643423080444336
002861 32.46088790893555
007141 50.44646072387695
012408 39.75305938720703
009718 51.272891998291016
003443 18.325244903564453
009224 129.03904724121094
007635 72.2232666015625
001541 43.67975997924805
009111 62.93391036987305
010163 39.45064163208008
011980 24.66266441345215
009390 117.33332824707031
008408 152.0
007182 131.15895080566406
008765 152.0
000210 110.83333587646484
005047 14.796539306640625
004593 14.79169750213623
004074 17.30733299255371
010824 25.881637573242188
011872 117.33332824707031
005524 110.83333587646484
007009 51.15015411376953
001136 156.4705810546875
008623 152.0
011249 115.73934936523438
000283 221.6666717529297
004180 13.619769096374512
009059 74.76061248779297
000204 110.83333587646484
008170 108.84291076660156
007576 88.1351089477539
009266 152.0
010565 152.0
009382 89.48120880126953
003022 18.11515998840332
000021 182.01573181152344
011803 117.33332824707031
011097 117.33332824707031
004384 13.68032455444336
009098 70.8840103149414
012286 82.13333129882812
000009 110.83333587646484
007013 51.61854934692383
005931 19.17872428894043
002821 17.308748245239258
008684 152.0
001713 156.4705810546875
006080 31.464332580566406
008301 152.0
005095 14.469836235046387
004018 17.22265625
011780 117.33332824707031
008605 152.0
004070 15.65701675415039
012146 82.13333129882812
011836 117.33332824707031
012180 14.616114616394043
000008 110.83333587646484
007918 80.93460845947266
010187 111.0647201538086
003423 16.272216796875
004573 15.334161758422852
008242 152.0
007472 65.03276824951172
001383 156.4705810546875
011626 67.3620834350586
008100 115.68074035644531
012309 82.13333129882812
000700 221.6666717529297
004366 13.018935203552246
001440 78.21707916259766
011110 117.33332824707031
002967 33.40045928955078
008467 152.0
011801 117.33332824707031
007861 117.33332824707031
002593 17.22171974182129
010968 117.33332824707031
004179 13.102925300598145
003301 18.180442810058594
009638 35.246681213378906
000686 221.6666717529297
008656 152.0
011859 117.33332824707031
002552 17.54216194152832
002414 18.794754028320312
003737 17.072683334350586
000186 31.024311065673828
000579 110.83333587646484
003583 17.084741592407227
011758 7.97407341003418
002136 26.888689041137695
011440 95.4812240600586
008844 56.5006217956543
011252 85.16868591308594
006263 20.024215698242188
004094 16.695329666137695
003164 18.919160842895508
001458 30.000789642333984
004339 13.677010536193848
007556 24.18242073059082
008732 151.8956298828125
011576 42.03350067138672
002329 12.605158805847168
003816 17.125301361083984
001430 156.4705810546875
000811 110.83333587646484
004623 14.648269653320312
005288 15.19558048248291
004451 18.229219436645508
001406 156.4705810546875
012277 82.13333129882812
000226 39.27019119262695
010986 38.638832092285156
011814 117.33332824707031
005573 10.994701385498047
004614 14.598535537719727
006629 152.0
009622 23.486072540283203
009045 152.0
004039 16.893489837646484
002811 18.043989181518555
011439 99.48015594482422
004372 13.822627067565918
004625 14.06417179107666
000247 27.194557189941406
002613 17.398027420043945
002178 110.83333587646484
002934 33.78377914428711
008913 82.25341796875
001985 156.4705810546875
004763 19.826297760009766
005058 51.953125
011955 70.59779357910156
011364 64.50794219970703
010748 117.33332824707031
009254 152.0
011466 76.04985809326172
008757 65.51619720458984
010780 15.151562690734863
009941 117.33332824707031
002598 17.892881393432617
009706 39.67782211303711
010533 93.20405578613281
008558 23.067426681518555
007040 152.0
004022 17.536663055419922
002048 221.6666717529297
009971 117.33332824707031
004418 13.280062675476074
000343 110.83333587646484
005501 15.843728065490723
001762 95.44396209716797
008330 152.0
001399 156.4705810546875
007130 152.0
002383 18.523414611816406
008617 152.0
004988 14.722674369812012
008384 152.0
001384 156.4705810546875
004626 13.716217994689941
006181 18.05714225769043
010099 117.33332824707031
006663 105.7107162475586
008394 152.0
005844 20.64700698852539
012401 16.347566604614258
005503 15.62346363067627
011472 117.33332824707031
000643 110.83333587646484
002596 17.73027229309082
006867 56.59131622314453
009323 117.33332824707031
012206 33.499629974365234
009293 152.0
007109 152.0
001804 156.4705810546875
011863 86.97234344482422
003937 16.61637306213379
002540 17.968212127685547
009049 152.0
002584 17.16908073425293
007158 152.0
002286 31.19943618774414
000252 2.3783926963806152
009056 151.7410888671875
011543 54.98567581176758
003745 16.90200424194336
005656 15.831677436828613
005474 15.441963195800781
005615 11.902175903320312
004843 14.641921043395996
012142 82.13333129882812
010257 79.04647064208984
012223 82.13333129882812
011484 117.33332824707031
009250 152.0
006838 152.0
010820 42.35753631591797
010491 87.63565063476562
004314 13.504201889038086
011495 117.33332824707031
008478 152.0
006886 35.377708435058594
001213 156.4705810546875
009027 53.49005126953125
000453 221.6666717529297
011730 117.33332824707031
011928 82.13333129882812
003744 17.56511116027832
010850 14.4231538772583
004148 17.652311325073242
011930 72.65013885498047
008191 46.05805969238281
008897 119.61444091796875
011100 117.33332824707031
003468 17.857393264770508
008092 152.0
001899 50.82874298095703
007566 7.205582141876221
000476 221.6666717529297
007493 34.52571105957031
008609 152.0
012598 67.18714904785156
007712 51.00278091430664
010263 73.76700592041016
002795 17.35886001586914
011603 29.715171813964844
001255 156.4705810546875
008812 152.0
000739 110.83333587646484
010140 117.5572509765625
007533 31.128753662109375
004890 14.521283149719238
011701 117.33332824707031
005674 25.76958465576172
008636 152.0
008090 102.67060852050781
006860 52.725345611572266
008337 152.0
009164 152.0
012202 25.984325408935547
005329 9.73568058013916
004707 14.123506546020508
007695 61.48925018310547
002097 20.81822395324707
010377 38.04011917114258
006997 50.1366081237793
000569 110.83333587646484
000168 52.57564163208008
006158 20.664520263671875
001045 107.28057098388672
004869 14.863763809204102
008399 152.0
001566 156.4705810546875
000307 78.34141540527344
007328 46.01442337036133
008751 152.0
008643 152.0
005607 9.874738693237305
011824 77.99834442138672
008602 61.44612503051758
001452 98.76606750488281
000989 156.4705810546875
000162 221.6666717529297
002960 33.4251708984375
002161 28.910823822021484
011945 82.13333129882812
001981 156.4705810546875
012117 82.13333129882812
007885 90.79635620117188
000082 156.4705810546875
011738 117.33332824707031
002340 18.013843536376953
010031 117.33332824707031
006490 37.96775436401367
001082 156.4705810546875
009449 13.035208702087402
011229 91.36634063720703
011483 117.33332824707031
001377 156.4705810546875
006393 111.0647201538086
006708 109.8989028930664
001450 105.08536529541016
011579 27.196733474731445
008350 152.0
009677 22.64594078063965
004621 14.971755981445312
001343 83.24522399902344
008793 103.36437225341797
012216 82.13333129882812
012421 63.82392883300781
008017 70.81453704833984
001886 52.415008544921875
009707 40.99757385253906
003308 18.17909049987793
011059 41.38838577270508
004909 15.18695068359375
010456 44.070518493652344
004360 13.343039512634277
006038 20.778718948364258
001329 156.4705810546875
000958 156.4705810546875
004796 18.422208786010742
011185 90.94253540039062
007231 45.942874908447266
007934 152.0
008400 152.0
000487 88.24472045898438
005960 27.216859817504883
004518 13.823201179504395
011165 117.33332824707031
011365 47.55500030517578
011441 82.9675521850586
011896 82.13333129882812
007929 152.0
006449 111.0647201538086
000780 110.83333587646484
012199 23.46978187561035
012326 34.16584777832031
009974 33.62773895263672
004656 14.290179252624512
006387 111.0647201538086
012563 82.13333129882812
007431 76.18883514404297
005634 15.247060775756836
007931 152.0
004817 19.225093841552734
010132 117.5572509765625
008134 110.52706909179688
003614 17.412416458129883
004238 13.354729652404785
004003 17.029756546020508
001632 30.329591751098633
003794 17.28864288330078
004407 13.659074783325195
010312 37.378746032714844
012025 66.09768676757812
012064 82.13333129882812
008298 152.0
011875 82.13333129882812
010434 98.1576919555664
003751 16.60019874572754
012311 12.690463066101074
010494 34.3420524597168
000641 110.83333587646484
012414 24.56516456604004
007003 152.0
001536 61.37932586669922
001302 26.21739387512207
003843 16.476770401000977
009127 152.0
012032 82.13333129882812
007841 117.33332824707031
010090 117.33332824707031
001861 156.4705810546875
008066 28.058870315551758
011739 88.34415435791016
003437 18.210697174072266
011361 117.33332824707031
004606 14.559576034545898
002587 17.724021911621094
005490 15.875555038452148
001644 156.4705810546875
006380 111.0647201538086
012510 80.73870849609375
002327 18.170392990112305
009923 117.33332824707031
007202 27.865806579589844
008633 152.0
010564 80.9097671508789
000594 221.6666717529297
005918 19.20481300354004
007999 38.80127716064453
004711 14.05805778503418
005365 11.092097282409668
011728 117.33332824707031
001424 156.4705810546875
008667 152.0
005370 10.312346458435059
010276 41.672122955322266
008426 39.50224685668945
004388 13.326010704040527
006600 57.89554214477539
004235 13.88055419921875
012540 82.13333129882812
010351 79.88207244873047
009936 67.22431182861328
004519 14.964594841003418
010908 91.37212371826172
006984 152.0
012098 73.95209503173828
004879 15.276453971862793
002443 18.01458168029785
007740 117.33332824707031
009674 68.21542358398438
009555 60.748695373535156
012503 82.13333129882812
006381 31.85877799987793
009324 117.33332824707031
007640 101.42982482910156
011557 46.38624954223633
000447 110.83333587646484
010068 49.033103942871094
007955 48.15279769897461
003585 16.959577560424805
011901 82.13333129882812
008347 152.0
012279 82.13333129882812
010486 111.0647201538086
007223 40.28158950805664
007447 117.33332824707031
005504 15.47933292388916
006665 152.0
007314 78.56068420410156
007943 152.0
005417 10.289525032043457
008138 152.0
002010 156.4705810546875
010252 111.0647201538086
006915 82.18855285644531
006670 31.351396560668945
000072 36.38068771362305
010847 6.108251094818115
004768 14.487115859985352
004213 13.33765983581543
008514 152.0
007150 69.54715728759766
006815 107.66119384765625
002156 27.426651000976562
011282 117.33332824707031
008414 152.0
012212 24.73386573791504
005330 10.175915718078613
001314 156.4705810546875
000669 221.6666717529297
003804 17.106584548950195
005509 15.317780494689941
003057 18.42816734313965
002257 31.681394577026367
008625 152.0
011587 54.8712158203125
004354 13.117301940917969
009557 30.005748748779297
005646 18.014949798583984
009152 59.94916915893555
005975 25.285385131835938
009176 152.0
006256 24.00547218322754
003156 17.989587783813477
012499 82.13333129882812
007838 26.35520362854004
000328 156.4705810546875
000888 221.6666717529297
011413 101.60150909423828
010319 111.0647201538086
000696 221.6666717529297
005835 21.027299880981445
006304 18.996318817138672
001315 57.510501861572266
009195 76.70439147949219
006431 111.0647201538086
004040 15.820662498474121
007070 152.0
012384 14.637216567993164
012190 21.298351287841797
002784 17.63478660583496
007015 38.76011657714844
002476 18.28165626525879
007549 34.98017501831055
008063 102.00399017333984
004602 15.42874526977539
009944 56.41240692138672
009321 45.16969299316406
010579 116.54159545898438
003830 16.841419219970703
011682 117.33332824707031
012081 82.13333129882812
001665 156.4705810546875
010781 39.799835205078125
008197 53.98493194580078
001972 156.4705810546875
004688 13.846494674682617
006599 39.5881462097168
008219 61.49236297607422
006526 111.0647201538086
004564 15.027663230895996
002059 156.4705810546875
001533 156.4705810546875
002224 110.83333587646484
003175 18.406837463378906
007897 152.0
006660 38.78657150268555
008677 152.0
007794 102.80094146728516
002768 17.97681427001953
005394 12.037837028503418
011122 117.33332824707031
012518 299.48028564453125
009627 76.26030731201172
009596 33.84856033325195
010072 117.33332824707031
010391 111.0647201538086
001146 109.58739471435547
002774 17.30148696899414
010274 56.19169616699219
004893 51.953125
011763 67.25926208496094
011295 117.33332824707031
005438 11.108748435974121
004946 14.375311851501465
001170 156.4705810546875
006377 62.93879318237305
000217 110.83333587646484
009482 47.36497116088867
010657 111.0647201538086
009209 152.0
006113 19.401498794555664
012047 82.13333129882812
007864 117.33332824707031
010299 111.0647201538086
008019 65.65727233886719
009469 117.33332824707031
001022 156.4705810546875
003004 18.316564559936523
008996 45.11407470703125
000127 25.724262237548828
012431 69.23091125488281
011831 117.33332824707031
000890 221.6666717529297
012166 41.00114440917969
006212 18.15473175048828
005347 10.527078628540039
007379 52.65556335449219
005505 15.582636833190918
000730 117.15607452392578
010723 104.48787689208984
010136 95.7963638305664
011581 34.70515823364258
007025 55.985225677490234
006523 111.0647201538086
005134 19.439531326293945
008991 40.02608871459961
001429 156.4705810546875
005737 10.0437593460083
005397 11.467506408691406
004535 14.763701438903809
005081 14.827827453613281
009083 117.20010375976562
010687 111.0647201538086
003837 16.555500030517578
003609 16.790864944458008
003631 16.849443435668945
003161 18.562564849853516
011910 82.13333129882812
004109 17.5471134185791
010060 77.49783325195312
007372 38.32687759399414
008559 67.56970977783203
005952 29.861406326293945
003811 16.987228393554688
012187 14.0673828125
001547 156.4705810546875
012173 75.15365600585938
001256 156.4705810546875
011800 117.33332824707031
000692 221.6666717529297
001067 156.4705810546875
002915 40.44081497192383
006949 45.286128997802734
002268 32.16719436645508
001641 156.4705810546875
000523 110.83333587646484
003891 17.69804573059082
003379 18.23970603942871
002157 28.255916595458984
009106 104.74285888671875
006272 20.83967399597168
004818 14.770625114440918
003868 16.410446166992188
006302 19.970996856689453
003593 17.344310760498047
008673 152.0
007725 41.49312210083008
011502 117.33332824707031
003569 18.177854537963867
001208 156.4705810546875
003138 18.123416900634766
006198 110.83333587646484
002473 17.774513244628906
012321 15.950778007507324
005305 9.915495872497559
006001 17.590646743774414
008886 45.58660125732422
007802 117.33332824707031
012588 82.13333129882812
008515 152.0
006146 23.867542266845703
004910 17.737993240356445
000598 221.6666717529297
010675 102.09485626220703
004689 13.382572174072266
001843 156.4705810546875
002349 17.62787628173828
000348 69.12936401367188
007216 24.851640701293945
005580 11.710057258605957
004481 15.050060272216797
008942 152.0
009095 39.79404830932617
008236 152.0
003587 18.31270408630371
005208 14.316024780273438
007143 152.0
000904 221.6666717529297
006855 55.170188903808594
007509 76.15508270263672
000539 221.6666717529297
000400 110.83333587646484
011645 117.33332824707031
009237 65.33934783935547
006958 50.92210006713867
010208 111.0647201538086
009905 117.33332824707031
007394 54.8448600769043
004117 16.903730392456055
002506 18.564346313476562
009058 132.38612365722656
005549 10.739949226379395
009719 29.464031219482422
007454 25.406219482421875
006518 42.48875045776367
004575 16.33942985534668
004720 13.538581848144531
008756 152.0
005346 10.788017272949219
000136 23.692384719848633
002874 64.67904663085938
005382 11.622262954711914
007963 86.05948638916016
004503 14.215276718139648
007266 33.21731948852539
011066 110.99281311035156
009355 117.33332824707031
010518 29.806604385375977
012478 62.27486801147461
000375 110.83333587646484
007577 102.32730865478516
002914 37.1899299621582
012181 19.182926177978516
010262 69.67842102050781
009068 152.0
004116 17.699703216552734
004953 14.345120429992676
012611 82.13333129882812
004555 14.555598258972168
007012 45.77793884277344
010667 111.0647201538086
001595 156.4705810546875
002545 17.768768310546875
003802 17.412656784057617
009650 35.131309509277344
008731 152.0
012515 82.13333129882812
000032 221.6666717529297
011301 94.1983642578125
001210 156.4705810546875
008277 152.0
003069 18.267457962036133
012422 61.995216369628906
004679 17.905221939086914
007805 88.37784576416016
001324 156.4705810546875
007387 48.479366302490234
011662 117.33332824707031
004870 51.953125
005178 51.953125
005927 17.386709213256836
011307 117.33332824707031
009695 40.87626266479492
009875 117.33332824707031
002295 67.17404174804688
011289 117.33332824707031
003518 18.26399803161621
008024 94.75096893310547
001743 38.09115219116211
011923 74.77510833740234
000836 110.83333587646484
002996 17.63790512084961
007036 152.0
010053 117.33332824707031
000513 110.83333587646484
002341 17.911649703979492
010039 30.246749877929688
003259 17.99463653564453
000597 221.6666717529297
004038 17.240924835205078
000932 221.6666717529297
009845 38.25171661376953
003580 19.227924346923828
002306 28.364742279052734
003179 18.316692352294922
007503 57.9322509765625
004740 13.400177001953125
012197 11.703316688537598
001652 156.4705810546875
008292 152.0
002538 19.235553741455078
003851 16.649152755737305
006283 110.83333587646484
007588 75.3182601928711
010493 109.53372192382812
002519 17.23151206970215
007079 152.0
003856 16.32270050048828
011212 117.33332824707031
003146 18.26648712158203
007573 117.33332824707031
006791 46.9150505065918
004916 19.987154006958008
006414 111.0647201538086
011091 39.371925354003906
010861 11.611160278320312
011070 95.60371398925781
011723 117.33332824707031
006349 111.0647201538086
007760 78.43036651611328
010898 22.275985717773438
005540 9.849912643432617
005810 19.81707763671875
009528 27.205575942993164
010089 117.33332824707031
000159 221.6666717529297
010116 117.33332824707031
010617 111.0647201538086
009633 35.722408294677734
009899 61.93793869018555
012440 82.13333129882812
009727 117.33332824707031
011742 117.33332824707031
000584 221.6666717529297
004846 15.323280334472656
007870 79.42530059814453
011940 82.13333129882812
009556 24.052061080932617
006136 18.22076988220215
008273 152.0
012287 82.13333129882812
003105 17.713333129882812
010808 33.29761505126953
002403 17.844432830810547
001375 104.639404296875
002851 33.050132751464844
008829 118.07563018798828
012250 82.13333129882812
007718 65.6823501586914
001200 156.4705810546875
007085 63.51395797729492
007979 77.47932434082031
009878 117.33332824707031
012583 31.207670211791992
004734 13.029793739318848
007935 152.0
010278 64.67774963378906
000964 156.4705810546875
011184 85.67031860351562
004078 17.184019088745117
007888 112.49169158935547
004854 18.348756790161133
004933 14.685903549194336
010516 22.665733337402344
001686 156.4705810546875
003015 18.17462158203125
002169 110.83333587646484
003902 17.326026916503906
008456 152.0
005730 9.566046714782715
006751 49.438133239746094
005041 14.525280952453613
010433 98.93179321289062
011592 52.574039459228516
006020 20.64923095703125
001904 156.4705810546875
004784 21.687782287597656
004834 14.746800422668457
001509 156.4705810546875
012388 11.54926872253418
005089 14.432671546936035
009825 152.0
005930 20.846397399902344
006411 26.494239807128906
006843 119.8710708618164
009405 117.33332824707031
000722 77.60528564453125
010186 111.0647201538086
012301 76.1358413696289
010553 80.49009704589844
011924 80.42988586425781
009279 152.0
000917 221.6666717529297
005437 10.979202270507812
006512 20.836885452270508
012027 58.150691986083984
005568 110.83333587646484
005174 14.54251480102539
000637 110.83333587646484
006260 20.003684997558594
008716 152.0
011696 70.18447875976562
008896 67.58621215820312
000638 110.83333587646484
005083 16.3077335357666
006671 46.55884552001953
003508 17.9117374420166
003341 18.40180206298828
004440 14.068056106567383
003956 17.816755294799805
009018 32.47447967529297
005289 15.262816429138184
000237 18.784122467041016
004767 22.81930160522461
000770 110.83333587646484
002449 17.615596771240234
000720 156.4705810546875
005422 10.248509407043457
012340 25.958227157592773
001530 156.4705810546875
006496 67.3997802734375
003229 18.676616668701172
001313 156.4705810546875
006107 20.31782341003418
007129 152.0
003316 18.13834571838379
004622 14.0620698928833
011153 54.12514877319336
008297 152.0
005860 18.690563201904297
009737 117.33332824707031
001073 156.4705810546875
012335 22.154193878173828
011306 117.33332824707031
010162 36.48511505126953
002898 33.23884201049805
005500 15.991171836853027
006160 21.014881134033203
005704 10.343244552612305
011560 29.90749168395996
006075 110.83333587646484
008455 152.0
001894 46.403167724609375
008794 112.98633575439453
004588 15.301835060119629
001626 156.4705810546875
009593 43.97168731689453
008257 152.0
002430 17.30488395690918
012359 82.13333129882812
009736 117.33332824707031
000869 221.6666717529297
011768 117.33332824707031
002051 221.6666717529297
011065 117.33332824707031
010473 60.971012115478516
011240 117.33332824707031
005385 10.509743690490723
000388 110.83333587646484
000118 28.92011070251465
001423 156.4705810546875
009165 152.0
003864 16.504289627075195
011716 117.33332824707031
006586 41.36290740966797
011224 117.33332824707031
008271 152.0
004808 14.467564582824707
001483 22.799190521240234
004924 15.20947551727295
004480 14.69876766204834
005758 15.309416770935059
002648 17.24451446533203
008494 152.0
002929 33.6721076965332
004600 13.406047821044922
005435 10.603461265563965
011245 116.97504425048828
004257 13.610578536987305
012034 82.13333129882812
003317 18.037263870239258
009353 117.33332824707031
001897 33.367958068847656
001545 156.4705810546875
007126 152.0
003109 17.191692352294922
012268 61.54163360595703
006869 46.839176177978516
005064 14.285958290100098
007977 152.0
000507 110.83333587646484
002357 17.976451873779297
005903 32.8978385925293
005536 13.728137016296387
010909 106.47036743164062
005375 11.181319236755371
012254 82.13333129882812
011323 117.33332824707031
011747 117.33332824707031
009772 117.33332824707031
007137 152.0
007489 43.484798431396484
007161 44.150535583496094
004509 13.520021438598633
001895 50.51434326171875
006929 152.0
004668 15.281598091125488
009927 117.33332824707031
001681 57.54347610473633
000119 54.63014602661133
007908 152.0
008031 152.0
011399 117.33332824707031
006472 27.80617904663086
004596 13.446173667907715
009915 117.33332824707031
008622 152.0
011585 94.24421691894531
001288 29.59243392944336
008250 152.0
011375 56.264984130859375
010172 24.749771118164062
005376 11.399770736694336
001573 71.04000091552734
011049 43.639190673828125
004902 14.885359764099121
006353 111.0647201538086
008245 152.0
003368 18.058204650878906
012282 82.13333129882812
000212 110.83333587646484
009926 117.33332824707031
011868 117.33332824707031
010495 80.37612915039062
001876 156.4705810546875
005715 10.762727737426758
001019 156.4705810546875
008033 152.0
011985 71.13514709472656
011568 111.63080596923828
006990 152.0
006820 152.0
000627 110.83333587646484
006816 57.92323303222656
002182 110.83333587646484
000312 221.6666717529297
002945 33.029640197753906
010953 117.33332824707031
009779 62.08255386352539
009191 92.5655517578125
000602 124.20384216308594
006988 152.0
000551 221.6666717529297
004871 14.84451675415039
006225 11.61385440826416
009987 117.33332824707031
000624 221.6666717529297
002675 17.163908004760742
009790 63.290958404541016
007586 17.054136276245117
010472 74.63297271728516
004862 14.877398490905762
012269 82.13333129882812
001633 34.191184997558594
005587 10.654603958129883
001278 156.4705810546875
010865 34.99319076538086
011414 117.33332824707031
003698 16.771411895751953
001966 156.4705810546875
007826 117.33332824707031
008183 48.0463752746582
003877 18.38421630859375
008970 92.61365509033203
002069 156.4705810546875
003305 18.04789161682129
010752 28.21259117126465
003262 18.10700035095215
005820 20.290735244750977
007494 37.37320327758789
004819 14.68881607055664
003529 17.57769203186035
001321 156.4705810546875
003206 18.35403060913086
011892 82.13333129882812
008448 152.0
005754 15.660514831542969
009458 117.33332824707031
010673 88.26290893554688
006193 17.701860427856445
012292 13.655189514160156
010998 30.925146102905273
003762 17.46880340576172
010342 100.99124908447266
000304 62.570491790771484
007932 152.0
007550 58.223854064941406
000361 110.83333587646484
001374 156.4705810546875
001121 156.4705810546875
009379 117.33332824707031
007664 65.28693389892578
006998 51.55695724487305
004860 15.052462577819824
003124 17.849929809570312
005432 10.560829162597656
011975 82.13333129882812
007316 84.97242736816406
010358 65.04505920410156
012369 82.13333129882812
000860 221.6666717529297
000371 92.00650024414062
001043 44.15443420410156
005781 14.427091598510742
007916 152.0
000435 110.83333587646484
004591 15.041484832763672
000737 110.83333587646484
005060 14.358144760131836
005649 15.572250366210938
005442 11.734189987182617
007305 84.1667251586914
007527 47.91476821899414
009443 35.42698287963867
008359 152.0
011169 117.33332824707031
008921 31.322912216186523
005410 9.34548568725586
000939 221.6666717529297
005515 16.5513916015625
002863 33.067413330078125
005800 25.526893615722656
005995 17.48488998413086
011990 79.72108459472656
001132 156.4705810546875
006953 94.16523742675781
008184 79.05912780761719
000835 110.83333587646484
006052 18.16895866394043
003414 18.13664436340332
010345 50.747962951660156
000193 71.84687805175781
003196 17.8378963470459
004828 15.671327590942383
009306 152.0
000490 110.83333587646484
005728 9.48945140838623
000475 221.6666717529297
001696 156.4705810546875
007689 99.26175689697266
000630 110.83333587646484
004993 14.266910552978516
010770 34.671592712402344
005059 14.289556503295898
010455 65.52417755126953
004499 14.862653732299805
006155 20.780696868896484
004419 13.666205406188965
005031 51.953125
011241 109.26160430908203
011621 43.418251037597656
011088 44.935916900634766
005629 15.092679977416992
012630 82.13333129882812
001954 156.4705810546875
006211 17.768268585205078
006893 21.88203239440918
002979 19.02134132385254
011170 117.33332824707031
002411 17.868989944458008
006593 58.56262969970703
007081 152.0
000620 221.6666717529297
009738 117.33332824707031
006473 70.36555480957031
004353 13.525816917419434
001820 156.4705810546875
001850 156.4705810546875
006413 21.53343391418457
012239 82.13333129882812
002185 29.74200439453125
009685 10.452596664428711
008175 152.0
011117 117.33332824707031
012171 28.9899845123291
007287 21.765642166137695
001240 156.4705810546875
006508 111.0647201538086
008491 152.0
010577 80.32770538330078
003061 18.83863639831543
003401 18.097579956054688
000608 221.6666717529297
005243 14.97867488861084
002094 36.947513580322266
009587 28.579750061035156
006446 111.0647201538086
012416 82.13333129882812
010890 33.82273483276367
010157 117.5572509765625
009270 44.0982780456543
005413 9.429155349731445
005747 14.448570251464844
003696 17.663280487060547
008002 52.58064270019531
000320 156.4705810546875
009992 117.33332824707031
012593 68.13055419921875
001328 156.4705810546875
009442 107.19268798828125
008260 152.0
002796 17.443187713623047
004155 17.675485610961914
010818 27.66429901123047
005565 10.555404663085938
006003 33.65135955810547
007522 53.749794006347656
011389 117.33332824707031
003318 18.13975715637207
005416 9.68620491027832
012324 35.93492126464844
002553 17.71333122253418
009446 117.33332824707031
012432 82.13333129882812
001356 156.4705810546875
003773 16.583749771118164
006482 76.69683837890625
001078 156.4705810546875
006104 18.291379928588867
005429 10.430570602416992
004265 13.584345817565918
005068 14.483428001403809
001929 43.583988189697266
007485 41.042850494384766
005146 51.953125
001222 156.4705810546875
000183 82.62218475341797
011400 117.33332824707031
001758 156.4705810546875
007687 117.33332824707031
001675 156.4705810546875
000963 156.4705810546875
007113 120.98695373535156
007100 59.503944396972656
009513 50.05624008178711
012194 82.13333129882812
011605 62.893714904785156
002379 17.70000648498535
001205 156.4705810546875
005797 19.487138748168945
004955 51.953125
001683 62.17980194091797
010632 100.4610595703125
008299 152.0
002040 221.6666717529297
003334 18.49500846862793
004214 13.753152847290039
011633 29.15781021118164
007034 70.38833618164062
012148 63.980831146240234
007354 28.58211326599121
001983 156.4705810546875
002354 18.17680549621582
004605 14.994730949401855
009461 117.33332824707031
002468 18.41293716430664
010328 111.0647201538086
006094 19.70125961303711
000012 61.549434661865234
005621 11.904082298278809
000646 110.83333587646484
009817 25.951221466064453
011623 52.432350158691406
009888 43.64146423339844
010375 39.39320755004883
000473 221.6666717529297
002189 27.950620651245117
000867 221.6666717529297
000583 221.6666717529297
009954 48.60352325439453
010888 36.785526275634766
001373 156.4705810546875
007617 117.33332824707031
011616 98.41302490234375
000802 110.83333587646484
011216 117.33332824707031
011132 46.052284240722656
003495 17.738285064697266
005338 10.594974517822266
006884 32.835472106933594
003297 18.074432373046875
005736 11.102713584899902
006828 42.02852249145508
006123 30.9736270904541
004663 13.643328666687012
012547 12.427656173706055
003422 18.191923141479492
001749 42.21199417114258
010629 111.0647201538086
008374 46.81477355957031
000349 31.41520881652832
004889 14.598946571350098
001621 156.4705810546875
007213 23.278196334838867
009643 19.082162857055664
005672 15.262022018432617
001305 27.187915802001953
006177 18.912431716918945
002693 17.32389259338379
005073 14.2133207321167
005803 20.41986656188965
001769 156.4705810546875
010016 117.33332824707031
001145 117.06427001953125
005658 15.716148376464844
008671 128.82325744628906
011225 117.33332824707031
010064 117.33332824707031
006727 152.0
011287 117.33332824707031
003986 16.818891525268555
004187 13.437590599060059
006330 26.70249366760254
010283 62.878536224365234
